18B;;18B
182;;182
18C;;18C
32B;;32B
181;;181
512;;512
522;;522
551;;551
552;;552
581;;581
582;;582
6C2;;6C2
60B;;60B
6AC;;6AC
6AB;;6AB
711;;711
621;;621
631;;631
187;;187
641;;641
651;;651
661;;661
671;;671
6F1;;6F1
18B;;18B
18C;;6A1
181;;6A2
6A1;;401
182;;411
6A2;;421
187;;5C2
18B;;701
18C;;61B
32B;;5F2
401;;501
411;;507
421;;532
5C2;;542
181;;541
701;;50C
187;;50B
18B;;531
18C;;6CB
61B;;537
182;;6F7
5F2;;527
501;;567
18B;;320
18C;;6FC
32B;;502
181;;607
187;;617
507;;627
532;;637
542;;647
182;;657
18B;;6C7
18C;;407
187;;417
181;;51B
541;;5B2
50C;;5D2
18B;;6F2
18C;;6E2
32B;;511
50B;;517
531;;30B
6CB;;31B
187;;611
537;;562
6F7;;6FB
182;;602
512;;612
522;;622
582;;632
181;;642
527;;652
567;;62B
18B;;63B
18C;;64B
320;;65B
6FC;;40B
187;;41B
502;;402
607;;412
18B;;6E1
18C;;6EB
32B;;6A7
181;;662
617;;41C
627;;572
637;;601
647;;672
657;;40C
6C7;;60C
182;;61C
5C2;;62C
187;;63C
407;;64C
417;;65C
51B;;6CC
6AC;;75B
18B;;757
18C;;751
181;;752
187;;6BC
182;;
18B;;
18C;;
32B;;
181;;
187;;
532;;
542;;
18B;;
18C;;
182;;
5B2;;
5D2;;
6F2;;
187;;
18B;;
18C;;
181;;
32B;;
552;;
6E2;;
511;;
531;;
187;;
18B;;
18C;;
517;;
182;;
512;;
522;;
181;;
582;;
30B;;
31B;;
18B;;
18C;;
32B;;
611;;
187;;
562;;
5C2;;
6FB;;
181;;
18B;;
182;;
18C;;
602;;
612;;
622;;
632;;
642;;
652;;
187;;
62B;;
63B;;
64B;;
65B;;
40B;;
41B;;
507;;
5F2;;
402;;
412;;
18B;;
18C;;
32B;;
181;;
6E1;;
187;;
6EB;;
182;;
18B;;
18C;;
6AC;;
181;;
551;;
187;;
581;;
532;;
542;;
18B;;
18C;;
32B;;
6F1;;
182;;
187;;
527;;
567;;
181;;
18B;;
18C;;
6A7;;
5C2;;
531;;
187;;
18B;;
182;;
18C;;
181;;
32B;;
502;;
512;;
522;;
582;;
6FC;;
501;;
187;;
18B;;
18C;;
181;;
182;;
662;;
187;;
18B;;
18C;;
32B;;
181;;
541;;
187;;
18B;;
18C;;
50B;;
182;;
537;;
6F7;;
320;;
50C;;
18B;;
18C;;
32B;;
181;;
187;;
532;;
542;;
5B2;;
18B;;
182;;
18C;;
552;;
5C2;;
187;;
181;;
6AC;;
41C;;
51B;;
18B;;
18C;;
32B;;
531;;
187;;
182;;
512;;
181;;
522;;
582;;
18B;;
18C;;
187;;
507;;
18B;;
18C;;
32B;;
181;;
182;;
572;;
5F2;;
187;;
18B;;
18C;;
5D2;;
6F2;;
181;;
187;;
18B;;
18C;;
182;;
32B;;
511;;
6E2;;
517;;
527;;
567;;
30B;;
31B;;
181;;
187;;
532;;
542;;
5C2;;
18B;;
18C;;
6FB;;
182;;
562;;
187;;
18B;;
18C;;
32B;;
181;;
502;;
531;;
187;;
18B;;
18C;;
6EB;;
182;;
512;;
181;;
522;;
582;;
6E1;;
6AC;;
6FC;;
18B;;
18C;;
32B;;
187;;
181;;
551;;
581;;
18B;;
182;;
18C;;
187;;
6F1;;
18B;;
18C;;
32B;;
181;;
601;;
187;;
182;;
5B2;;
18B;;
18C;;
181;;
187;;
532;;
542;;
552;;
672;;
18B;;
18C;;
32B;;
501;;
182;;
187;;
181;;
40C;;
60C;;
61C;;
62C;;
63C;;
64C;;
65C;;
6CC;;
18B;;
18C;;
507;;
531;;
187;;
18B;;
18C;;
32B;;
181;;
182;;
50B;;
512;;
522;;
541;;
582;;
320;;
187;;
537;;
6F7;;
5F2;;
18B;;
18C;;
181;;
182;;
5C2;;
187;;
527;;
567;;
18B;;
18C;;
32B;;
6AC;;
50C;;
51B;;
181;;
187;;
18B;;
18C;;
182;;
18B;;
18C;;
32B;;
181;;
187;;
532;;
542;;
18B;;
182;;
18C;;
502;;
187;;
181;;
18B;;
18C;;
32B;;
531;;
187;;
182;;
512;;
181;;
522;;
582;;
5D2;;
6F2;;
18B;;
18C;;
6FC;;
511;;
187;;
517;;
6E2;;
30B;;
31B;;
18B;;
18C;;
32B;;
181;;
6FB;;
182;;
187;;
18B;;
18C;;
562;;
5B2;;
181;;
187;;
18B;;
182;;
18C;;
32B;;
552;;
6EB;;
6AC;;
181;;
6E1;;
187;;
507;;
532;;
542;;
18B;;
18C;;
182;;
187;;
18B;;
18C;;
32B;;
181;;
551;;
581;;
41C;;
75B;;
757;;
531;;
6F1;;
751;;
187;;
18B;;
18C;;
182;;
512;;
181;;
522;;
582;;
5C2;;
5F2;;
752;;
527;;
567;;
6BC;;
18B;;
18C;;
32B;;
541;;
187;;
532;;
181;;
18B;;
182;;
18C;;
187;;
501;;
18B;;
18C;;
32B;;
181;;
187;;
60B;;
6AB;;
182;;
6C2;;
18B;;
18C;;
50B;;
320;;
6AC;;
6AB;;
181;;
711;;
187;;
621;;
631;;
502;;
542;;
641;;
651;;
661;;
671;;
18B;;
18C;;
32B;;
537;;
6A1;;
6F7;;
182;;
5C2;;
6A2;;
187;;
181;;
401;;
411;;
421;;
18B;;
18C;;
61B;;
531;;
701;;
187;;
51B;;
18B;;
18C;;
182;;
181;;
32B;;
512;;
522;;
582;;
6FC;;
50C;;
541;;
187;;
532;;
18B;;
18C;;
181;;
182;;
5B2;;
187;;
18B;;
18C;;
32B;;
6CB;;
507;;
552;;
181;;
187;;
18B;;
18C;;
182;;
18B;;
18C;;
32B;;
181;;
187;;
607;;
617;;
542;;
5C2;;
5D2;;
627;;
637;;
647;;
657;;
6C7;;
6F2;;
517;;
407;;
30B;;
31B;;
417;;
511;;
18B;;
182;;
18C;;
6E2;;
187;;
527;;
567;;
6FB;;
181;;
6AC;;
5F2;;
18B;;
18C;;
32B;;
531;;
187;;
182;;
512;;
522;;
181;;
562;;
582;;
18B;;
18C;;
6EB;;
541;;
187;;
532;;
18B;;
18C;;
32B;;
181;;
6E1;;
182;;
187;;
18B;;
18C;;
181;;
551;;
581;;
187;;
18B;;
182;;
18C;;
32B;;
502;;
5C2;;
6F1;;
181;;
611;;
187;;
542;;
18B;;
18C;;
62B;;
63B;;
64B;;
65B;;
40B;;
182;;
41B;;
602;;
612;;
622;;
632;;
642;;
652;;
187;;
18B;;
18C;;
32B;;
181;;
402;;
412;;
501;;
531;;
187;;
18B;;
18C;;
182;;
522;;
582;;
181;;
320;;
6AC;;
6FC;;
18B;;
18C;;
32B;;
50B;;
187;;
507;;
541;;
532;;
5B2;;
181;;
18B;;
182;;
18C;;
552;;
5C2;;
187;;
537;;
6A7;;
6F7;;
18B;;
18C;;
32B;;
181;;
187;;
51B;;
182;;
527;;
567;;
18B;;
18C;;
181;;
187;;
542;;
18B;;
18C;;
32B;;
182;;
5F2;;
662;;
187;;
181;;
50C;;
18B;;
18C;;
512;;
531;;
187;;
18B;;
18C;;
182;;
181;;
32B;;
522;;
582;;
541;;
187;;
532;;
5C2;;
18B;;
18C;;
181;;
182;;
30B;;
31B;;
5D2;;
6F2;;
187;;
517;;
18B;;
18C;;
32B;;
511;;
6AC;;
41C;;
6FB;;
502;;
6E2;;
181;;
187;;
18B;;
18C;;
182;;
18B;;
18C;;
32B;;
181;;
187;;
542;;
562;;
6EB;;
18B;;
182;;
18C;;
572;;
187;;
181;;
6E1;;
507;;
5C2;;
18B;;
18C;;
32B;;
531;;
187;;
182;;
522;;
582;;
181;;
551;;
581;;
5B2;;
18B;;
18C;;
6FC;;
541;;
6F1;;
187;;
532;;
552;;
18B;;
18C;;
32B;;
181;;
182;;
187;;
527;;
567;;
18B;;
18C;;
181;;
187;;
182;;
18B;;
18C;;
32B;;
501;;
320;;
6AC;;
181;;
187;;
542;;
5F2;;
18B;;
18C;;
50B;;
182;;
512;;
5C2;;
187;;
18B;;
18C;;
181;;
32B;;
537;;
6F7;;
531;;
601;;
187;;
18B;;
18C;;
182;;
522;;
582;;
181;;
51B;;
18B;;
18C;;
32B;;
541;;
187;;
532;;
672;;
181;;
182;;
18B;;
18C;;
502;;
187;;
18B;;
18C;;
32B;;
181;;
187;;
182;;
18B;;
18C;;
40C;;
50C;;
60C;;
61C;;
62C;;
63C;;
64C;;
65C;;
6CC;;
181;;
187;;
507;;
542;;
5C2;;
18B;;
18C;;
32B;;
182;;
187;;
30B;;
31B;;
181;;
6AC;;
18B;;
18C;;
517;;
5B2;;
5D2;;
6F2;;
6FB;;
511;;
531;;
187;;
18B;;
182;;
18C;;
32B;;
181;;
522;;
552;;
582;;
527;;
567;;
6E2;;
6FC;;
541;;
187;;
532;;
18B;;
18C;;
6EB;;
181;;
182;;
562;;
187;;
18B;;
18C;;
32B;;
5C2;;
181;;
6E1;;
187;;
18B;;
18C;;
182;;
5F2;;
18B;;
18C;;
32B;;
181;;
551;;
187;;
581;;
512;;
542;;
6F1;;
182;;
18B;;
18C;;
187;;
181;;
18B;;
18C;;
32B;;
531;;
187;;
182;;
522;;
582;;
181;;
18B;;
18C;;
320;;
6AC;;
41C;;
75B;;
501;;
541;;
187;;
502;;
532;;
757;;
18B;;
18C;;
32B;;
181;;
50B;;
751;;
182;;
5C2;;
752;;
187;;
18B;;
18C;;
507;;
181;;
187;;
537;;
6F7;;
182;;
18B;;
18C;;
32B;;
6BC;;
51B;;
181;;
187;;
542;;
18B;;
18C;;
182;;
5B2;;
187;;
527;;
567;;
18B;;
18C;;
181;;
32B;;
60B;;
552;;
531;;
187;;
18B;;
18C;;
6AB;;
182;;
522;;
181;;
582;;
6C2;;
6AC;;
6FC;;
18B;;
18C;;
32B;;
711;;
621;;
187;;
631;;
532;;
552;;
5C2;;
641;;
651;;
661;;
671;;
181;;
6A1;;
18B;;
182;;
18C;;
61B;;
6A2;;
187;;
401;;
411;;
421;;
50C;;
30B;;
31B;;
5F2;;
18B;;
18C;;
32B;;
181;;
701;;
187;;
517;;
6FB;;
182;;
512;;
5D2;;
511;;
6F2;;
18B;;
18C;;
181;;
187;;
542;;
6E2;;
18B;;
18C;;
32B;;
6CB;;
182;;
6EB;;
187;;
181;;
18B;;
18C;;
562;;
5C2;;
531;;
187;;
182;;
18B;;
18C;;
32B;;
181;;
502;;
522;;
582;;
6E1;;
607;;
617;;
627;;
637;;
647;;
657;;
6C7;;
187;;
507;;
407;;
417;;
532;;
552;;
18B;;
18C;;
181;;
551;;
581;;
182;;
187;;
18B;;
18C;;
32B;;
6F1;;
6AC;;
181;;
187;;
18B;;
18C;;
182;;
527;;
567;;
320;;
18B;;
18C;;
32B;;
181;;
187;;
542;;
5B2;;
501;;
541;;
182;;
18B;;
18C;;
50B;;
5C2;;
187;;
181;;
18B;;
18C;;
32B;;
531;;
187;;
182;;
522;;
582;;
181;;
537;;
6F7;;
18B;;
18C;;
6FC;;
62B;;
63B;;
64B;;
611;;
187;;
65B;;
532;;
552;;
51B;;
40B;;
41B;;
18B;;
18C;;
32B;;
181;;
182;;
5F2;;
602;;
612;;
622;;
632;;
642;;
187;;
652;;
18B;;
18C;;
512;;
402;;
412;;
181;;
187;;
18B;;
182;;
18C;;
32B;;
6AC;;
181;;
187;;
542;;
5C2;;
18B;;
18C;;
6A7;;
182;;
187;;
18B;;
18C;;
32B;;
181;;
507;;
502;;
30B;;
31B;;
531;;
187;;
18B;;
18C;;
6FB;;
182;;
522;;
181;;
582;;
517;;
50C;;
18B;;
18C;;
32B;;
511;;
187;;
532;;
552;;
5D2;;
6F2;;
181;;
18B;;
18C;;
182;;
662;;
6E2;;
187;;
527;;
567;;
6EB;;
5C2;;
18B;;
18C;;
32B;;
181;;
187;;
182;;
562;;
5B2;;
18B;;
18C;;
41C;;
181;;
6E1;;
187;;
542;;
18B;;
18C;;
32B;;
182;;
187;;
181;;
551;;
581;;
6AC;;
18B;;
18C;;
531;;
6F1;;
187;;
18B;;
18C;;
182;;
181;;
32B;;
522;;
582;;
320;;
6FC;;
187;;
532;;
552;;
5F2;;
18B;;
18C;;
181;;
182;;
512;;
572;;
5C2;;
187;;
18B;;
18C;;
32B;;
501;;
50B;;
541;;
181;;
187;;
18B;;
18C;;
182;;
18B;;
18C;;
32B;;
181;;
187;;
507;;
537;;
6F7;;
542;;
51B;;
18B;;
18C;;
182;;
502;;
187;;
181;;
18B;;
18C;;
32B;;
531;;
187;;
182;;
522;;
181;;
582;;
527;;
567;;
18B;;
18C;;
6AC;;
187;;
532;;
552;;
5C2;;
18B;;
18C;;
32B;;
181;;
182;;
187;;
18B;;
18C;;
5B2;;
181;;
601;;
187;;
30B;;
31B;;
18B;;
182;;
18C;;
32B;;
541;;
6FB;;
181;;
187;;
517;;
542;;
672;;
18B;;
18C;;
511;;
182;;
5D2;;
6F2;;
187;;
18B;;
18C;;
181;;
32B;;
50C;;
6EB;;
6E2;;
531;;
187;;
18B;;
18C;;
182;;
522;;
181;;
582;;
5C2;;
5F2;;
6FC;;
18B;;
18C;;
32B;;
187;;
512;;
532;;
552;;
562;;
181;;
6E1;;
18B;;
182;;
18C;;
187;;
40C;;
6AC;;
60C;;
61C;;
62C;;
63C;;
64C;;
65C;;
6CC;;
507;;
18B;;
18C;;
32B;;
181;;
551;;
581;;
187;;
182;;
541;;
6F1;;
18B;;
18C;;
320;;
181;;
187;;
502;;
542;;
18B;;
18C;;
32B;;
182;;
5C2;;
187;;
527;;
567;;
181;;
18B;;
18C;;
50B;;
501;;
531;;
187;;
18B;;
18C;;
182;;
181;;
32B;;
522;;
582;;
187;;
532;;
552;;
18B;;
18C;;
537;;
6F7;;
181;;
182;;
51B;;
5B2;;
187;;
18B;;
18C;;
32B;;
41C;;
75B;;
181;;
751;;
187;;
757;;
18B;;
18C;;
182;;
752;;
541;;
6AC;;
18B;;
18C;;
32B;;
181;;
187;;
542;;
5C2;;
18B;;
182;;
18C;;
187;;
181;;
5F2;;
18B;;
18C;;
32B;;
531;;
187;;
30B;;
182;;
31B;;
181;;
512;;
522;;
582;;
18B;;
18C;;
6FC;;
6BC;;
6FB;;
187;;
507;;
532;;
552;;
517;;
18B;;
18C;;
32B;;
181;;
60B;;
182;;
187;;
511;;
18B;;
18C;;
5C2;;
5D2;;
6F2;;
6AB;;
6EB;;
181;;
187;;
18B;;
182;;
18C;;
32B;;
502;;
541;;
6C2;;
6E2;;
527;;
567;;
6AC;;
50C;;
6AB;;
181;;
711;;
187;;
621;;
631;;
542;;
641;;
651;;
661;;
671;;
18B;;
18C;;
61B;;
6A1;;
182;;
562;;
6A2;;
187;;
18B;;
18C;;
32B;;
181;;
6E1;;
401;;
411;;
421;;
531;;
701;;
187;;
18B;;
18C;;
182;;
512;;
181;;
522;;
551;;
581;;
582;;
320;;
18B;;
18C;;
32B;;
6CB;;
6F1;;
187;;
532;;
5B2;;
181;;
18B;;
182;;
18C;;
5C2;;
187;;
18B;;
18C;;
32B;;
181;;
50B;;
187;;
607;;
617;;
627;;
637;;
647;;
657;;
6C7;;
182;;
501;;
541;;
407;;
417;;
18B;;
18C;;
181;;
187;;
542;;
18B;;
18C;;
32B;;
182;;
5F2;;
187;;
537;;
6F7;;
51B;;
181;;
6AC;;
18B;;
18C;;
507;;
531;;
187;;
18B;;
18C;;
182;;
181;;
32B;;
512;;
522;;
552;;
582;;
6FC;;
187;;
532;;
5C2;;
18B;;
18C;;
181;;
182;;
187;;
527;;
567;;
18B;;
18C;;
32B;;
502;;
181;;
187;;
18B;;
18C;;
62B;;
182;;
63B;;
541;;
64B;;
65B;;
30B;;
31B;;
40B;;
41B;;
18B;;
18C;;
32B;;
181;;
611;;
187;;
542;;
6FB;;
18B;;
18C;;
182;;
602;;
612;;
622;;
632;;
642;;
652;;
187;;
517;;
181;;
5C2;;
402;;
412;;
18B;;
18C;;
32B;;
511;;
531;;
187;;
6EB;;
182;;
512;;
522;;
582;;
181;;
5B2;;
5D2;;
6F2;;
18B;;
18C;;
6AC;;
187;;
6A7;;
532;;
6E2;;
18B;;
18C;;
32B;;
181;;
182;;
187;;
50C;;
18B;;
18C;;
562;;
181;;
6E1;;
187;;
18B;;
182;;
18C;;
32B;;
541;;
320;;
181;;
551;;
581;;
187;;
507;;
542;;
5F2;;
18B;;
18C;;
6F1;;
182;;
5C2;;
662;;
187;;
18B;;
18C;;
181;;
32B;;
41C;;
552;;
531;;
187;;
18B;;
18C;;
50B;;
182;;
512;;
522;;
181;;
582;;
527;;
567;;
6FC;;
18B;;
18C;;
32B;;
501;;
187;;
532;;
181;;
182;;
18B;;
18C;;
502;;
187;;
6AC;;
51B;;
537;;
6F7;;
18B;;
18C;;
32B;;
181;;
187;;
182;;
541;;
18B;;
18C;;
181;;
187;;
542;;
552;;
5C2;;
18B;;
18C;;
32B;;
182;;
572;;
187;;
181;;
18B;;
18C;;
5B2;;
531;;
187;;
18B;;
182;;
18C;;
181;;
32B;;
512;;
522;;
582;;
30B;;
31B;;
187;;
532;;
18B;;
18C;;
6FB;;
181;;
182;;
187;;
18B;;
18C;;
32B;;
507;;
517;;
5C2;;
181;;
187;;
18B;;
18C;;
182;;
5F2;;
6EB;;
511;;
541;;
6AC;;
18B;;
18C;;
32B;;
181;;
187;;
542;;
552;;
5D2;;
6F2;;
182;;
18B;;
18C;;
6E2;;
187;;
527;;
567;;
181;;
18B;;
18C;;
32B;;
531;;
601;;
187;;
182;;
512;;
522;;
181;;
562;;
582;;
6E1;;
18B;;
18C;;
320;;
6FC;;
50C;;
187;;
502;;
532;;
672;;
18B;;
18C;;
32B;;
181;;
551;;
581;;
182;;
5C2;;
187;;
6F1;;
18B;;
18C;;
181;;
187;;
18B;;
182;;
18C;;
32B;;
50B;;
181;;
187;;
542;;
552;;
18B;;
18C;;
501;;
182;;
5B2;;
187;;
18B;;
18C;;
181;;
32B;;
6AC;;
51B;;
531;;
187;;
18B;;
18C;;
537;;
6F7;;
182;;
512;;
522;;
181;;
582;;
40C;;
60C;;
61C;;
62C;;
63C;;
64C;;
65C;;
18B;;
18C;;
32B;;
6CC;;
187;;
507;;
532;;
181;;
18B;;
18C;;
182;;
187;;
5F2;;
18B;;
18C;;
32B;;
181;;
187;;
182;;
527;;
567;;
18B;;
18C;;
181;;
187;;
542;;
552;;
30B;;
31B;;
18B;;
18C;;
32B;;
182;;
6FB;;
187;;
181;;
41C;;
18B;;
18C;;
75B;;
531;;
751;;
187;;
517;;
757;;
182;;
18B;;
18C;;
32B;;
181;;
502;;
512;;
522;;
582;;
5C2;;
752;;
6EB;;
6AC;;
6FC;;
511;;
541;;
187;;
532;;
18B;;
18C;;
181;;
182;;
5D2;;
6F2;;
187;;
18B;;
18C;;
32B;;
6E2;;
181;;
187;;
18B;;
18C;;
182;;
320;;
6BC;;
18B;;
18C;;
181;;
32B;;
187;;
6E1;;
542;;
552;;
562;;
5B2;;
60B;;
18B;;
182;;
18C;;
5C2;;
187;;
181;;
551;;
581;;
50C;;
507;;
18B;;
18C;;
32B;;
531;;
6F1;;
187;;
6AB;;
182;;
512;;
181;;
522;;
582;;
6C2;;
18B;;
18C;;
50B;;
61B;;
6AC;;
6AB;;
711;;
621;;
187;;
532;;
631;;
641;;
651;;
661;;
671;;
18B;;
18C;;
32B;;
181;;
6A1;;
182;;
5F2;;
6A2;;
187;;
527;;
567;;
501;;
401;;
411;;
421;;
18B;;
18C;;
181;;
701;;
187;;
51B;;
18B;;
18C;;
182;;
32B;;
6CB;;
537;;
6F7;;
181;;
187;;
542;;
552;;
5C2;;
18B;;
18C;;
182;;
187;;
18B;;
18C;;
32B;;
181;;
607;;
617;;
502;;
627;;
637;;
647;;
657;;
6C7;;
531;;
187;;
407;;
18B;;
18C;;
417;;
182;;
512;;
522;;
582;;
181;;
6FC;;
18B;;
18C;;
32B;;
187;;
532;;
30B;;
31B;;
181;;
182;;
18B;;
18C;;
187;;
6FB;;
6AC;;
18B;;
18C;;
32B;;
181;;
187;;
182;;
5B2;;
5C2;;
517;;
18B;;
18C;;
6EB;;
181;;
187;;
507;;
542;;
552;;
18B;;
18C;;
32B;;
511;;
541;;
182;;
187;;
181;;
18B;;
18C;;
5D2;;
6F2;;
62B;;
63B;;
64B;;
531;;
65B;;
187;;
40B;;
41B;;
18B;;
182;;
18C;;
32B;;
522;;
181;;
582;;
6E2;;
527;;
567;;
320;;
611;;
187;;
512;;
532;;
5F2;;
18B;;
18C;;
181;;
6E1;;
182;;
562;;
5C2;;
602;;
612;;
622;;
632;;
642;;
187;;
652;;
18B;;
18C;;
32B;;
402;;
412;;
181;;
551;;
581;;
187;;
18B;;
18C;;
182;;
6F1;;
6A7;;
6AC;;
50C;;
18B;;
18C;;
32B;;
181;;
50B;;
187;;
542;;
552;;
182;;
18B;;
18C;;
502;;
187;;
181;;
18B;;
18C;;
32B;;
501;;
531;;
187;;
51B;;
182;;
522;;
181;;
582;;
18B;;
18C;;
6FC;;
187;;
537;;
6F7;;
512;;
532;;
5C2;;
18B;;
18C;;
32B;;
181;;
182;;
662;;
187;;
41C;;
18B;;
18C;;
507;;
5B2;;
181;;
187;;
18B;;
18C;;
182;;
32B;;
181;;
187;;
542;;
552;;
18B;;
18C;;
30B;;
182;;
31B;;
187;;
527;;
567;;
18B;;
18C;;
32B;;
181;;
6AC;;
6FB;;
531;;
187;;
18B;;
18C;;
182;;
522;;
181;;
582;;
5F2;;
18B;;
18C;;
32B;;
187;;
517;;
512;;
532;;
6EB;;
181;;
18B;;
182;;
18C;;
572;;
187;;
511;;
541;;
18B;;
18C;;
32B;;
181;;
187;;
182;;
5D2;;
6F2;;
18B;;
18C;;
320;;
181;;
187;;
502;;
542;;
552;;
6E2;;
18B;;
18C;;
32B;;
182;;
5C2;;
187;;
181;;
6E1;;
18B;;
18C;;
562;;
531;;
187;;
18B;;
18C;;
182;;
181;;
32B;;
522;;
551;;
581;;
582;;
6AC;;
6FC;;
6F1;;
187;;
507;;
512;;
532;;
18B;;
18C;;
50B;;
181;;
182;;
5B2;;
187;;
18B;;
18C;;
32B;;
50C;;
181;;
601;;
187;;
18B;;
18C;;
182;;
501;;
527;;
567;;
51B;;
18B;;
18C;;
32B;;
181;;
187;;
542;;
552;;
5C2;;
672;;
537;;
6F7;;
18B;;
182;;
18C;;
187;;
181;;
5F2;;
18B;;
18C;;
32B;;
531;;
187;;
182;;
522;;
582;;
181;;
18B;;
18C;;
187;;
512;;
532;;
18B;;
18C;;
32B;;
181;;
182;;
187;;
30B;;
31B;;
6AC;;
18B;;
18C;;
6FB;;
181;;
187;;
18B;;
18C;;
182;;
32B;;
502;;
5C2;;
181;;
187;;
542;;
552;;
18B;;
18C;;
517;;
6EB;;
182;;
187;;
18B;;
18C;;
32B;;
181;;
40C;;
60C;;
61C;;
62C;;
63C;;
64C;;
65C;;
6CC;;
507;;
511;;
531;;
541;;
187;;
18B;;
18C;;
182;;
181;;
522;;
582;;
320;;
6FC;;
41C;;
18B;;
18C;;
32B;;
75B;;
187;;
512;;
532;;
5B2;;
5D2;;
6F2;;
757;;
181;;
751;;
18B;;
182;;
18C;;
5C2;;
6E2;;
752;;
187;;
527;;
567;;
18B;;
18C;;
32B;;
181;;
6E1;;
187;;
182;;
562;;
18B;;
18C;;
6AC;;
181;;
551;;
187;;
581;;
542;;
552;;
18B;;
18C;;
32B;;
50B;;
6F1;;
182;;
5F2;;
187;;
181;;
18B;;
18C;;
531;;
187;;
18B;;
18C;;
182;;
181;;
32B;;
522;;
582;;
60B;;
50C;;
6BC;;
51B;;
501;;
187;;
512;;
532;;
5C2;;
18B;;
18C;;
181;;
182;;
187;;
537;;
6F7;;
18B;;
18C;;
32B;;
502;;
181;;
187;;
18B;;
18C;;
61B;;
6AB;;
182;;
6C2;;
6AC;;
18B;;
18C;;
32B;;
181;;
711;;
187;;
507;;
621;;
542;;
552;;
631;;
641;;
651;;
661;;
671;;
6A1;;
18B;;
18C;;
182;;
6A2;;
187;;
181;;
401;;
411;;
421;;
30B;;
31B;;
5C2;;
18B;;
18C;;
32B;;
531;;
6CB;;
701;;
187;;
6FB;;
182;;
522;;
181;;
582;;
5B2;;
527;;
567;;
18B;;
18C;;
6FC;;
187;;
512;;
532;;
18B;;
18C;;
32B;;
181;;
6EB;;
182;;
187;;
517;;
607;;
617;;
627;;
637;;
647;;
657;;
6C7;;
18B;;
18C;;
407;;
417;;
181;;
187;;
18B;;
18C;;
182;;
32B;;
511;;
541;;
320;;
181;;
187;;
542;;
552;;
5F2;;
18B;;
18C;;
182;;
5C2;;
5D2;;
6F2;;
187;;
18B;;
18C;;
181;;
32B;;
6AC;;
6E2;;
531;;
187;;
18B;;
18C;;
182;;
522;;
181;;
582;;
6E1;;
18B;;
18C;;
32B;;
187;;
512;;
532;;
562;;
181;;
551;;
581;;
182;;
18B;;
18C;;
502;;
50B;;
187;;
62B;;
63B;;
64B;;
65B;;
6F1;;
40B;;
41B;;
507;;
18B;;
18C;;
32B;;
181;;
187;;
182;;
18B;;
18C;;
181;;
611;;
187;;
542;;
552;;
5C2;;
51B;;
18B;;
18C;;
32B;;
501;;
182;;
602;;
612;;
622;;
632;;
642;;
652;;
187;;
527;;
567;;
181;;
50C;;
18B;;
18C;;
537;;
6F7;;
5B2;;
402;;
412;;
531;;
187;;
6A7;;
18B;;
182;;
18C;;
32B;;
181;;
522;;
582;;
6AC;;
6FC;;
187;;
512;;
532;;
18B;;
18C;;
181;;
182;;
187;;
18B;;
18C;;
32B;;
5C2;;
30B;;
31B;;
181;;
187;;
18B;;
18C;;
6FB;;
182;;
562;;
5F2;;
41C;;
18B;;
18C;;
32B;;
181;;
187;;
542;;
552;;
18B;;
182;;
18C;;
662;;
187;;
6EB;;
181;;
517;;
18B;;
18C;;
32B;;
531;;
187;;
182;;
522;;
582;;
181;;
18B;;
18C;;
320;;
511;;
541;;
187;;
507;;
502;;
512;;
532;;
18B;;
18C;;
32B;;
181;;
182;;
552;;
5C2;;
187;;
6AC;;
18B;;
18C;;
5D2;;
6F2;;
181;;
187;;
18B;;
182;;
18C;;
32B;;
6E2;;
527;;
567;;
187;;
181;;
6E1;;
512;;
542;;
18B;;
18C;;
182;;
572;;
5B2;;
187;;
18B;;
18C;;
181;;
32B;;
50B;;
551;;
581;;
531;;
6F1;;
187;;
18B;;
18C;;
182;;
522;;
181;;
582;;
6FC;;
18B;;
18C;;
32B;;
187;;
532;;
5C2;;
51B;;
181;;
182;;
18B;;
18C;;
552;;
187;;
501;;
5F2;;
18B;;
18C;;
32B;;
181;;
187;;
537;;
6F7;;
182;;
18B;;
18C;;
6AC;;
50C;;
181;;
187;;
512;;
542;;
18B;;
18C;;
32B;;
182;;
187;;
181;;
18B;;
18C;;
507;;
531;;
601;;
187;;
30B;;
31B;;
18B;;
182;;
18C;;
181;;
32B;;
502;;
522;;
582;;
5C2;;
6FB;;
187;;
532;;
562;;
672;;
18B;;
18C;;
181;;
182;;
552;;
187;;
527;;
567;;
18B;;
18C;;
32B;;
6EB;;
181;;
187;;
517;;
18B;;
18C;;
182;;
320;;
18B;;
18C;;
32B;;
181;;
187;;
512;;
542;;
5B2;;
511;;
541;;
182;;
18B;;
18C;;
5C2;;
187;;
181;;
6AC;;
18B;;
18C;;
32B;;
531;;
187;;
182;;
522;;
582;;
181;;
5D2;;
6F2;;
18B;;
18C;;
6FC;;
187;;
532;;
6E2;;
18B;;
18C;;
32B;;
181;;
6E1;;
182;;
552;;
5F2;;
187;;
41C;;
18B;;
18C;;
50B;;
75B;;
181;;
551;;
581;;
751;;
187;;
757;;
18B;;
18C;;
182;;
32B;;
6F1;;
752;;
40C;;
60C;;
61C;;
62C;;
63C;;
64C;;
65C;;
6CC;;
181;;
541;;
187;;
507;;
512;;
542;;
5C2;;
18B;;
18C;;
51B;;
182;;
187;;
18B;;
18C;;
32B;;
181;;
502;;
501;;
531;;
187;;
18B;;
18C;;
182;;
522;;
582;;
181;;
527;;
537;;
567;;
6F7;;
6AC;;
18B;;
18C;;
32B;;
187;;
532;;
181;;
182;;
18B;;
18C;;
552;;
187;;
50C;;
18B;;
18C;;
32B;;
181;;
187;;
60B;;
182;;
30B;;
31B;;
5B2;;
5C2;;
18B;;
18C;;
6BC;;
6FB;;
181;;
541;;
187;;
512;;
542;;
18B;;
18C;;
32B;;
182;;
562;;
187;;
181;;
18B;;
18C;;
61B;;
6AB;;
6EB;;
531;;
187;;
18B;;
182;;
18C;;
32B;;
181;;
522;;
582;;
6C2;;
517;;
320;;
6AC;;
6FC;;
6AB;;
711;;
621;;
187;;
631;;
532;;
5F2;;
641;;
651;;
661;;
671;;
18B;;
18C;;
181;;
6A1;;
182;;
552;;
5C2;;
6A2;;
187;;
18B;;
18C;;
32B;;
511;;
401;;
411;;
421;;
6CB;;
507;;
181;;
701;;
187;;
18B;;
18C;;
182;;
18B;;
18C;;
32B;;
181;;
541;;
187;;
512;;
542;;
5D2;;
6F2;;
607;;
617;;
627;;
637;;
647;;
657;;
6C7;;
182;;
502;;
18B;;
18C;;
6E2;;
187;;
527;;
567;;
407;;
417;;
181;;
6E1;;
18B;;
18C;;
32B;;
50B;;
531;;
187;;
182;;
522;;
582;;
181;;
551;;
581;;
18B;;
18C;;
6F1;;
187;;
532;;
5C2;;
18B;;
18C;;
32B;;
181;;
182;;
552;;
187;;
51B;;
6AC;;
18B;;
18C;;
5B2;;
181;;
187;;
182;;
18B;;
18C;;
32B;;
501;;
181;;
541;;
187;;
537;;
6F7;;
512;;
542;;
18B;;
18C;;
62B;;
63B;;
64B;;
65B;;
40B;;
182;;
41B;;
187;;
18B;;
18C;;
32B;;
181;;
5C2;;
531;;
187;;
18B;;
18C;;
182;;
522;;
582;;
5F2;;
181;;
30B;;
31B;;
6FC;;
50C;;
18B;;
18C;;
32B;;
611;;
187;;
507;;
532;;
6FB;;
181;;
18B;;
182;;
18C;;
552;;
602;;
612;;
622;;
632;;
642;;
187;;
652;;
6A7;;
562;;
402;;
412;;
18B;;
18C;;
32B;;
181;;
187;;
6EB;;
182;;
527;;
567;;
18B;;
18C;;
320;;
6AC;;
181;;
541;;
187;;
517;;
502;;
512;;
542;;
18B;;
18C;;
32B;;
182;;
5C2;;
187;;
181;;
41C;;
18B;;
18C;;
511;;
531;;
187;;
18B;;
182;;
18C;;
181;;
32B;;
522;;
582;;
187;;
532;;
18B;;
18C;;
181;;
182;;
552;;
5B2;;
5D2;;
662;;
6F2;;
187;;
18B;;
18C;;
32B;;
6E2;;
181;;
6E1;;
187;;
18B;;
18C;;
50B;;
182;;
18B;;
18C;;
32B;;
181;;
541;;
187;;
551;;
581;;
512;;
542;;
5C2;;
6F1;;
18B;;
182;;
18C;;
187;;
181;;
6AC;;
51B;;
507;;
5F2;;
18B;;
18C;;
32B;;
531;;
187;;
182;;
522;;
181;;
582;;
18B;;
18C;;
6FC;;
501;;
187;;
532;;
537;;
18B;;
18C;;
32B;;
181;;
6F7;;
182;;
572;;
187;;
527;;
567;;
18B;;
18C;;
5C2;;
181;;
187;;
18B;;
182;;
18C;;
32B;;
502;;
30B;;
31B;;
181;;
541;;
187;;
512;;
542;;
18B;;
18C;;
6FB;;
182;;
187;;
18B;;
18C;;
32B;;
181;;
50C;;
531;;
187;;
18B;;
18C;;
6EB;;
182;;
522;;
181;;
562;;
582;;
320;;
6AC;;
18B;;
18C;;
32B;;
187;;
532;;
552;;
5B2;;
517;;
181;;
18B;;
182;;
18C;;
5C2;;
187;;
18B;;
18C;;
32B;;
181;;
601;;
187;;
182;;
511;;
18B;;
18C;;
181;;
541;;
187;;
507;;
512;;
542;;
672;;
18B;;
18C;;
32B;;
182;;
5F2;;
187;;
181;;
18B;;
18C;;
5D2;;
6F2;;
531;;
187;;
18B;;
18C;;
182;;
181;;
32B;;
50B;;
522;;
582;;
6E1;;
527;;
567;;
6E2;;
6FC;;
187;;
532;;
18B;;
18C;;
181;;
551;;
581;;
182;;
187;;
18B;;
18C;;
32B;;
6F1;;
6AC;;
502;;
51B;;
181;;
187;;
18B;;
18C;;
182;;
18B;;
18C;;
32B;;
181;;
541;;
187;;
512;;
542;;
501;;
18B;;
182;;
18C;;
187;;
537;;
6F7;;
181;;
41C;;
75B;;
512;;
18B;;
18C;;
32B;;
531;;
751;;
187;;
757;;
182;;
522;;
181;;
552;;
582;;
5B2;;
5C2;;
752;;
18B;;
18C;;
187;;
532;;
30B;;
31B;;
18B;;
18C;;
32B;;
181;;
6FB;;
182;;
187;;
40C;;
60C;;
61C;;
62C;;
63C;;
64C;;
65C;;
18B;;
18C;;
6CC;;
507;;
181;;
187;;
18B;;
18C;;
32B;;
182;;
6EB;;
320;;
6AC;;
50C;;
181;;
187;;
542;;
562;;
5F2;;
18B;;
18C;;
182;;
5C2;;
187;;
517;;
527;;
567;;
18B;;
18C;;
181;;
32B;;
60B;;
512;;
531;;
187;;
18B;;
18C;;
182;;
522;;
181;;
582;;
6FC;;
6BC;;
18B;;
18C;;
32B;;
511;;
187;;
532;;
181;;
18B;;
182;;
18C;;
502;;
61B;;
187;;
18B;;
18C;;
32B;;
181;;
187;;
6AB;;
182;;
5D2;;
6C2;;
6F2;;
18B;;
18C;;
50B;;
6AC;;
6AB;;
181;;
711;;
187;;
621;;
542;;
5C2;;
631;;
641;;
651;;
661;;
671;;
6E1;;
6E2;;
18B;;
18C;;
32B;;
6A1;;
6CB;;
182;;
6A2;;
187;;
181;;
551;;
581;;
401;;
411;;
421;;
18B;;
18C;;
512;;
552;;
5B2;;
531;;
701;;
6F1;;
187;;
51B;;
18B;;
18C;;
182;;
181;;
32B;;
522;;
582;;
187;;
507;;
607;;
532;;
617;;
627;;
637;;
647;;
657;;
6C7;;
18B;;
18C;;
407;;
417;;
181;;
541;;
182;;
187;;
18B;;
18C;;
32B;;
501;;
537;;
6F7;;
5C2;;
181;;
187;;
18B;;
18C;;
182;;
5F2;;
527;;
567;;
18B;;
18C;;
32B;;
181;;
187;;
542;;
30B;;
31B;;
18B;;
182;;
18C;;
187;;
6FB;;
181;;
6AC;;
512;;
562;;
18B;;
18C;;
32B;;
531;;
187;;
182;;
522;;
582;;
181;;
18B;;
18C;;
320;;
6FC;;
62B;;
63B;;
64B;;
65B;;
187;;
6EB;;
502;;
532;;
40B;;
41B;;
18B;;
18C;;
32B;;
181;;
182;;
5C2;;
187;;
50C;;
18B;;
18C;;
517;;
181;;
187;;
18B;;
18C;;
182;;
32B;;
181;;
611;;
187;;
542;;
18B;;
18C;;
511;;
182;;
552;;
5B2;;
602;;
612;;
622;;
632;;
642;;
187;;
652;;
6A7;;
18B;;
181;;
18C;;
32B;;
507;;
512;;
402;;
412;;
531;;
187;;
18B;;
18C;;
182;;
522;;
181;;
582;;
6AC;;
18B;;
18C;;
32B;;
50B;;
187;;
532;;
5C2;;
5D2;;
6F2;;
181;;
6E1;;
18B;;
182;;
18C;;
6E2;;
187;;
527;;
567;;
41C;;
5F2;;
18B;;
18C;;
32B;;
181;;
551;;
581;;
187;;
51B;;
182;;
6F1;;
18B;;
18C;;
181;;
187;;
542;;
18B;;
18C;;
32B;;
182;;
662;;
187;;
181;;
541;;
18B;;
18C;;
512;;
501;;
531;;
187;;
537;;
6F7;;
18B;;
182;;
18C;;
181;;
32B;;
502;;
522;;
552;;
582;;
5C2;;
6FC;;
187;;
532;;
18B;;
18C;;
181;;
30B;;
182;;
31B;;
187;;
18B;;
18C;;
32B;;
6AC;;
6FB;;
181;;
187;;
18B;;
18C;;
182;;
562;;
320;;
18B;;
18C;;
32B;;
181;;
187;;
507;;
542;;
5B2;;
6EB;;
18B;;
182;;
18C;;
572;;
187;;
181;;
512;;
18B;;
18C;;
32B;;
531;;
187;;
517;;
182;;
522;;
552;;
181;;
582;;
527;;
567;;
18B;;
18C;;
50C;;
187;;
532;;
18B;;
18C;;
32B;;
181;;
182;;
5F2;;
187;;
511;;
18B;;
18C;;
181;;
187;;
18B;;
18C;;
32B;;
182;;
6AC;;
181;;
187;;
542;;
5C2;;
18B;;
18C;;
50B;;
182;;
5D2;;
6F2;;
187;;
18B;;
18C;;
181;;
32B;;
6E1;;
502;;
512;;
6E2;;
531;;
601;;
187;;
18B;;
18C;;
182;;
181;;
522;;
551;;
552;;
581;;
582;;
51B;;
6FC;;
18B;;
18C;;
32B;;
6F1;;
187;;
532;;
672;;
181;;
18B;;
18C;;
182;;
187;;
507;;
5C2;;
18B;;
18C;;
32B;;
181;;
541;;
187;;
501;;
182;;
5B2;;
537;;
6F7;;
18B;;
18C;;
181;;
187;;
542;;
18B;;
18C;;
32B;;
182;;
187;;
527;;
567;;
30B;;
31B;;
181;;
6AC;;
18B;;
18C;;
512;;
6FB;;
531;;
187;;
18B;;
18C;;
32B;;
181;;
182;;
522;;
552;;
582;;
320;;
41C;;
75B;;
187;;
532;;
562;;
5F2;;
18B;;
18C;;
757;;
6EB;;
181;;
751;;
182;;
5C2;;
752;;
187;;
18B;;
18C;;
32B;;
181;;
187;;
18B;;
18C;;
182;;
517;;
18B;;
18C;;
32B;;
181;;
187;;
542;;
18B;;
18C;;
182;;
502;;
187;;
181;;
50C;;
512;;
18B;;
18C;;
32B;;
511;;
531;;
187;;
181;;
182;;
522;;
552;;
582;;
18B;;
18C;;
40C;;
6AC;;
6FC;;
60C;;
61C;;
62C;;
63C;;
64C;;
65C;;
6CC;;
187;;
507;;
532;;
5C2;;
18B;;
18C;;
32B;;
50B;;
181;;
541;;
60B;;
182;;
187;;
18B;;
18C;;
5B2;;
5D2;;
6F2;;
181;;
6E1;;
187;;
18B;;
18C;;
32B;;
182;;
6E2;;
527;;
567;;
6BC;;
51B;;
181;;
551;;
187;;
581;;
542;;
18B;;
18C;;
61B;;
6F1;;
182;;
187;;
18B;;
18C;;
32B;;
181;;
512;;
5C2;;
531;;
187;;
18B;;
18C;;
6AB;;
182;;
181;;
522;;
552;;
582;;
5F2;;
6C2;;
6AC;;
18B;;
18C;;
32B;;
6CB;;
501;;
187;;
537;;
6F7;;
711;;
532;;
621;;
631;;
641;;
651;;
661;;
671;;
181;;
541;;
6A1;;
18B;;
18C;;
182;;
6A2;;
187;;
401;;
411;;
421;;
30B;;
31B;;
18B;;
18C;;
32B;;
181;;
701;;
187;;
6FB;;
182;;
607;;
617;;
627;;
637;;
647;;
18B;;
18C;;
657;;
6C7;;
320;;
187;;
181;;
407;;
417;;
502;;
542;;
18B;;
18C;;
32B;;
6EB;;
182;;
562;;
5C2;;
187;;
181;;
18B;;
18C;;
507;;
512;;
531;;
187;;
18B;;
18C;;
32B;;
181;;
182;;
522;;
552;;
582;;
6FC;;
187;;
517;;
532;;
18B;;
18C;;
181;;
541;;
182;;
5B2;;
187;;
527;;
567;;
18B;;
18C;;
32B;;
6AC;;
181;;
187;;
18B;;
18C;;
62B;;
63B;;
64B;;
182;;
511;;
65B;;
40B;;
41B;;
50C;;
18B;;
18C;;
32B;;
181;;
187;;
542;;
5C2;;
18B;;
18C;;
50B;;
182;;
187;;
181;;
512;;
5F2;;
18B;;
18C;;
32B;;
531;;
187;;
182;;
181;;
522;;
552;;
582;;
5D2;;
6E1;;
6F2;;
18B;;
18C;;
611;;
187;;
532;;
6E2;;
51B;;
6A7;;
18B;;
18C;;
32B;;
181;;
541;;
551;;
581;;
182;;
602;;
612;;
622;;
632;;
187;;
642;;
652;;
6F1;;
18B;;
18C;;
402;;
412;;
181;;
187;;
18B;;
18C;;
32B;;
182;;
502;;
6AC;;
41C;;
181;;
187;;
507;;
542;;
18B;;
18C;;
537;;
6F7;;
501;;
182;;
187;;
18B;;
18C;;
32B;;
181;;
512;;
30B;;
31B;;
531;;
187;;
18B;;
18C;;
6FB;;
181;;
182;;
522;;
552;;
582;;
527;;
567;;
320;;
6FC;;
18B;;
18C;;
32B;;
187;;
532;;
5B2;;
181;;
541;;
18B;;
18C;;
182;;
5C2;;
662;;
187;;
6EB;;
562;;
18B;;
18C;;
32B;;
181;;
187;;
182;;
18B;;
18C;;
181;;
187;;
542;;
517;;
18B;;
18C;;
32B;;
182;;
562;;
5F2;;
187;;
181;;
6AC;;
18B;;
18C;;
512;;
531;;
187;;
18B;;
18C;;
32B;;
181;;
182;;
522;;
582;;
511;;
187;;
532;;
5C2;;
18B;;
18C;;
181;;
541;;
182;;
572;;
187;;
18B;;
18C;;
32B;;
50B;;
50C;;
507;;
502;;
181;;
187;;
18B;;
18C;;
182;;
18B;;
18C;;
32B;;
181;;
6E1;;
187;;
542;;
5D2;;
6F2;;
51B;;
18B;;
18C;;
182;;
6E2;;
187;;
527;;
567;;
181;;
551;;
581;;
512;;
552;;
5C2;;
18B;;
18C;;
32B;;
531;;
6F1;;
187;;
181;;
182;;
522;;
582;;
5B2;;
18B;;
18C;;
6AC;;
6FC;;
187;;
532;;
18B;;
18C;;
32B;;
181;;
541;;
182;;
187;;
537;;
6F7;;
501;;
18B;;
18C;;
181;;
601;;
187;;
30B;;
31B;;
18B;;
18C;;
32B;;
182;;
6FB;;
320;;
181;;
187;;
542;;
5F2;;
672;;
18B;;
18C;;
182;;
5C2;;
187;;
18B;;
18C;;
181;;
32B;;
6EB;;
512;;
531;;
187;;
18B;;
18C;;
181;;
182;;
522;;
582;;
18B;;
18C;;
32B;;
187;;
507;;
532;;
181;;
541;;
18B;;
18C;;
182;;
502;;
187;;
517;;
6AC;;
41C;;
75B;;
562;;
18B;;
18C;;
32B;;
181;;
751;;
187;;
757;;
182;;
752;;
527;;
567;;
18B;;
18C;;
187;;
181;;
542;;
5C2;;
18B;;
18C;;
32B;;
511;;
182;;
552;;
187;;
181;;
18B;;
18C;;
50B;;
512;;
5B2;;
531;;
187;;
18B;;
18C;;
32B;;
181;;
182;;
522;;
582;;
6FC;;
50C;;
187;;
532;;
18B;;
18C;;
181;;
541;;
6E1;;
51B;;
182;;
5D2;;
6F2;;
187;;
18B;;
18C;;
32B;;
5C2;;
6E2;;
181;;
551;;
581;;
187;;
18B;;
18C;;
6F1;;
182;;
5F2;;
6AC;;
18B;;
18C;;
32B;;
181;;
187;;
542;;
60B;;
18B;;
18C;;
182;;
187;;
181;;
40C;;
60C;;
61C;;
62C;;
63C;;
64C;;
65C;;
6CC;;
507;;
537;;
6F7;;
512;;
18B;;
18C;;
32B;;
501;;
531;;
187;;
30B;;
31B;;
181;;
182;;
522;;
582;;
18B;;
18C;;
61B;;
320;;
6BC;;
6FB;;
187;;
502;;
532;;
18B;;
18C;;
32B;;
181;;
182;;
5C2;;
187;;
527;;
567;;
18B;;
18C;;
6AB;;
6EB;;
181;;
187;;
18B;;
18C;;
32B;;
6CB;;
182;;
6C2;;
6AC;;
6AB;;
181;;
711;;
187;;
621;;
631;;
641;;
651;;
542;;
552;;
661;;
671;;
18B;;
18C;;
6A1;;
182;;
5B2;;
6A2;;
187;;
18B;;
18C;;
181;;
32B;;
401;;
411;;
421;;
517;;
512;;
531;;
701;;
187;;
607;;
18B;;
18C;;
617;;
627;;
637;;
647;;
657;;
6C7;;
181;;
182;;
522;;
562;;
582;;
407;;
417;;
6FC;;
18B;;
18C;;
32B;;
187;;
532;;
5C2;;
181;;
18B;;
18C;;
182;;
187;;
511;;
5F2;;
18B;;
18C;;
32B;;
181;;
50B;;
187;;
182;;
18B;;
18C;;
181;;
187;;
507;;
542;;
18B;;
18C;;
32B;;
182;;
187;;
51B;;
181;;
541;;
6E1;;
6AC;;
50C;;
18B;;
18C;;
5D2;;
6F2;;
62B;;
63B;;
64B;;
531;;
65B;;
187;;
40B;;
41B;;
18B;;
18C;;
32B;;
181;;
182;;
502;;
522;;
551;;
581;;
527;;
567;;
582;;
5C2;;
6E2;;
6F1;;
187;;
532;;
18B;;
18C;;
181;;
182;;
187;;
18B;;
18C;;
32B;;
181;;
187;;
537;;
18B;;
18C;;
6F7;;
182;;
501;;
552;;
30B;;
31B;;
320;;
18B;;
18C;;
32B;;
181;;
611;;
187;;
6A7;;
542;;
5B2;;
6FB;;
18B;;
18C;;
182;;
512;;
5C2;;
602;;
612;;
187;;
622;;
632;;
642;;
652;;
181;;
41C;;
402;;
412;;
18B;;
18C;;
32B;;
531;;
187;;
6EB;;
182;;
181;;
522;;
582;;
18B;;
18C;;
6AC;;
6FC;;
187;;
532;;
18B;;
18C;;
32B;;
181;;
182;;
5F2;;
187;;
18B;;
18C;;
507;;
181;;
187;;
517;;
18B;;
18C;;
32B;;
182;;
181;;
187;;
542;;
562;;
5C2;;
18B;;
18C;;
182;;
662;;
187;;
527;;
567;;
18B;;
18C;;
181;;
32B;;
502;;
511;;
531;;
187;;
18B;;
18C;;
50B;;
182;;
181;;
522;;
582;;
18B;;
18C;;
32B;;
187;;
532;;
181;;
18B;;
18C;;
182;;
187;;
6AC;;
51B;;
552;;
5C2;;
18B;;
18C;;
32B;;
181;;
541;;
6E1;;
187;;
182;;
5B2;;
5D2;;
6F2;;
18B;;
18C;;
50C;;
181;;
551;;
187;;
581;;
512;;
542;;
6E2;;
18B;;
18C;;
32B;;
6F1;;
182;;
572;;
187;;
181;;
18B;;
18C;;
531;;
187;;
18B;;
18C;;
32B;;
181;;
182;;
522;;
582;;
537;;
6F7;;
320;;
6FC;;
30B;;
31B;;
501;;
187;;
507;;
532;;
5F2;;
18B;;
18C;;
6FB;;
181;;
182;;
5C2;;
187;;
18B;;
18C;;
32B;;
181;;
187;;
18B;;
18C;;
6EB;;
182;;
527;;
567;;
6AC;;
18B;;
18C;;
32B;;
181;;
187;;
542;;
18B;;
18C;;
182;;
502;;
187;;
181;;
18B;;
18C;;
32B;;
531;;
601;;
187;;
181;;
182;;
522;;
582;;
517;;
18B;;
18C;;
187;;
532;;
5C2;;
672;;
18B;;
18C;;
32B;;
181;;
182;;
552;;
562;;
187;;
18B;;
18C;;
5B2;;
181;;
187;;
18B;;
18C;;
32B;;
182;;
50B;;
511;;
512;;
181;;
187;;
542;;
18B;;
18C;;
182;;
187;;
18B;;
18C;;
32B;;
181;;
6AC;;
41C;;
75B;;
507;;
5C2;;
51B;;
531;;
751;;
187;;
18B;;
18C;;
757;;
182;;
181;;
522;;
541;;
582;;
5F2;;
6E1;;
752;;
6FC;;
18B;;
18C;;
32B;;
187;;
532;;
5D2;;
6F2;;
181;;
551;;
581;;
18B;;
18C;;
182;;
6E2;;
187;;
527;;
567;;
6F1;;
50C;;
18B;;
18C;;
32B;;
181;;
187;;
182;;
18B;;
18C;;
320;;
181;;
187;;
537;;
6F7;;
502;;
542;;
30B;;
31B;;
18B;;
18C;;
32B;;
501;;
6FB;;
182;;
5C2;;
187;;
181;;
18B;;
18C;;
531;;
187;;
18B;;
18C;;
32B;;
181;;
182;;
522;;
582;;
60B;;
6EB;;
6AC;;
187;;
532;;
552;;
562;;
18B;;
18C;;
181;;
182;;
5B2;;
187;;
18B;;
18C;;
32B;;
512;;
181;;
187;;
18B;;
18C;;
61B;;
182;;
40C;;
6BC;;
60C;;
61C;;
62C;;
63C;;
64C;;
18B;;
181;;
18C;;
32B;;
187;;
507;;
517;;
65C;;
6CC;;
542;;
5C2;;
18B;;
18C;;
182;;
187;;
181;;
5F2;;
18B;;
18C;;
32B;;
531;;
6CB;;
187;;
6AB;;
182;;
181;;
522;;
582;;
6C2;;
527;;
567;;
18B;;
18C;;
50B;;
6AC;;
6FC;;
6AB;;
511;;
711;;
187;;
621;;
631;;
641;;
532;;
651;;
661;;
671;;
18B;;
18C;;
32B;;
181;;
6A1;;
182;;
6A2;;
187;;
401;;
411;;
421;;
18B;;
18C;;
607;;
617;;
627;;
637;;
647;;
5C2;;
657;;
6C7;;
181;;
701;;
187;;
407;;
417;;
51B;;
18B;;
18C;;
32B;;
182;;
502;;
181;;
541;;
187;;
6E1;;
542;;
18B;;
18C;;
182;;
5D2;;
6F2;;
187;;
18B;;
18C;;
181;;
32B;;
551;;
581;;
6E2;;
531;;
6F1;;
187;;
18B;;
18C;;
182;;
181;;
522;;
552;;
582;;
320;;
50C;;
18B;;
18C;;
32B;;
187;;
532;;
5B2;;
537;;
30B;;
31B;;
181;;
6F7;;
18B;;
18C;;
182;;
512;;
5C2;;
187;;
62B;;
63B;;
64B;;
501;;
65B;;
6FB;;
6AC;;
40B;;
41B;;
507;;
18B;;
18C;;
32B;;
181;;
187;;
182;;
18B;;
18C;;
6EB;;
181;;
187;;
542;;
18B;;
18C;;
32B;;
182;;
562;;
5B2;;
5F2;;
187;;
527;;
567;;
181;;
18B;;
18C;;
531;;
187;;
18B;;
18C;;
32B;;
181;;
182;;
522;;
582;;
6A7;;
6FC;;
611;;
187;;
532;;
5C2;;
18B;;
18C;;
517;;
181;;
182;;
602;;
612;;
622;;
632;;
642;;
652;;
187;;
18B;;
18C;;
32B;;
41C;;
502;;
402;;
412;;
181;;
187;;
18B;;
18C;;
182;;
6AC;;
18B;;
18C;;
32B;;
181;;
50B;;
187;;
542;;
511;;
18B;;
18C;;
182;;
5B2;;
187;;
181;;
552;;
18B;;
18C;;
32B;;
531;;
187;;
51B;;
181;;
182;;
522;;
582;;
18B;;
18C;;
187;;
507;;
512;;
532;;
18B;;
18C;;
32B;;
181;;
541;;
6E1;;
182;;
662;;
187;;
18B;;
18C;;
5D2;;
6F2;;
181;;
551;;
581;;
187;;
18B;;
18C;;
32B;;
6F1;;
182;;
6E2;;
527;;
567;;
320;;
181;;
187;;
542;;
5F2;;
18B;;
18C;;
30B;;
31B;;
182;;
5B2;;
5C2;;
187;;
537;;
6F7;;
18B;;
18C;;
181;;
32B;;
6AC;;
50C;;
6FB;;
501;;
531;;
187;;
18B;;
18C;;
181;;
182;;
522;;
582;;
6FC;;
18B;;
18C;;
32B;;
187;;
532;;
6EB;;
181;;
18B;;
18C;;
182;;
502;;
572;;
187;;
562;;
18B;;
18C;;
32B;;
181;;
187;;
182;;
18B;;
18C;;
181;;
187;;
542;;
5C2;;
18B;;
18C;;
32B;;
182;;
552;;
5B2;;
187;;
517;;
181;;
18B;;
18C;;
507;;
531;;
187;;
18B;;
18C;;
32B;;
181;;
182;;
512;;
522;;
582;;
6AC;;
187;;
532;;
18B;;
18C;;
50B;;
181;;
182;;
187;;
527;;
567;;
18B;;
18C;;
32B;;
511;;
5C2;;
181;;
601;;
187;;
18B;;
18C;;
182;;
5F2;;
51B;;
18B;;
18C;;
32B;;
181;;
187;;
542;;
672;;
18B;;
18C;;
182;;
5B2;;
187;;
181;;
541;;
6E1;;
18B;;
18C;;
32B;;
531;;
187;;
181;;
182;;
522;;
551;;
581;;
582;;
5D2;;
6F2;;
18B;;
18C;;
320;;
6FC;;
41C;;
75B;;
6F1;;
187;;
502;;
532;;
6E2;;
757;;
18B;;
18C;;
32B;;
181;;
751;;
182;;
5C2;;
752;;
187;;
30B;;
31B;;
6AC;;
18B;;
18C;;
537;;
6F7;;
6FB;;
181;;
541;;
187;;
18B;;
18C;;
32B;;
501;;
182;;
50C;;
181;;
187;;
507;;
542;;
552;;
18B;;
18C;;
6EB;;
182;;
5B2;;
187;;
18B;;
18C;;
32B;;
181;;
512;;
531;;
187;;
18B;;
18C;;
181;;
182;;
522;;
562;;
582;;
527;;
567;;
18B;;
18C;;
32B;;
187;;
532;;
5C2;;
181;;
18B;;
18C;;
182;;
187;;
517;;
5F2;;
18B;;
18C;;
32B;;
181;;
541;;
187;;
60B;;
182;;
18B;;
18C;;
6AC;;
181;;
187;;
542;;
18B;;
18C;;
32B;;
50B;;
182;;
5B2;;
187;;
181;;
18B;;
18C;;
61B;;
5C2;;
511;;
531;;
187;;
18B;;
18C;;
32B;;
181;;
182;;
502;;
522;;
582;;
6FC;;
6BC;;
51B;;
187;;
512;;
532;;
18B;;
18C;;
181;;
182;;
187;;
18B;;
18C;;
32B;;
6CB;;
40C;;
60C;;
61C;;
62C;;
63C;;
64C;;
65C;;
6CC;;
507;;
181;;
541;;
6E1;;
18B;;
187;;
18C;;
6AB;;
182;;
552;;
6C2;;
320;;
6AC;;
18B;;
18C;;
32B;;
181;;
551;;
187;;
581;;
711;;
621;;
631;;
641;;
542;;
5D2;;
651;;
661;;
671;;
6F2;;
6A1;;
6F1;;
18B;;
18C;;
182;;
5B2;;
5C2;;
6A2;;
6E2;;
187;;
527;;
567;;
607;;
617;;
627;;
637;;
181;;
401;;
411;;
421;;
647;;
657;;
6C7;;
30B;;
31B;;
407;;
417;;
18B;;
18C;;
32B;;
531;;
701;;
187;;
537;;
6F7;;
6FB;;
181;;
182;;
522;;
582;;
18B;;
18C;;
501;;
187;;
512;;
532;;
18B;;
18C;;
32B;;
181;;
6EB;;
182;;
5F2;;
187;;
50C;;
18B;;
18C;;
181;;
541;;
187;;
18B;;
18C;;
32B;;
182;;
181;;
187;;
542;;
562;;
5C2;;
18B;;
18C;;
62B;;
63B;;
64B;;
65B;;
40B;;
41B;;
182;;
5B2;;
187;;
18B;;
18C;;
32B;;
181;;
6AC;;
502;;
531;;
187;;
18B;;
18C;;
517;;
181;;
182;;
522;;
582;;
6FC;;
18B;;
18C;;
32B;;
187;;
507;;
512;;
532;;
181;;
18B;;
18C;;
50B;;
182;;
187;;
552;;
562;;
5C2;;
18B;;
18C;;
32B;;
181;;
541;;
187;;
6A7;;
511;;
182;;
527;;
567;;
18B;;
18C;;
41C;;
181;;
611;;
187;;
542;;
51B;;
18B;;
18C;;
32B;;
182;;
5B2;;
602;;
612;;
622;;
632;;
187;;
642;;
652;;
181;;
18B;;
18C;;
402;;
412;;
531;;
187;;
18B;;
18C;;
32B;;
181;;
182;;
522;;
582;;
6E1;;
320;;
6AC;;
187;;
512;;
532;;
5F2;;
18B;;
18C;;
181;;
551;;
581;;
182;;
5C2;;
5D2;;
6F2;;
187;;
18B;;
18C;;
32B;;
6F1;;
6E2;;
30B;;
31B;;
181;;
541;;
187;;
18B;;
18C;;
6FB;;
182;;
537;;
6F7;;
18B;;
18C;;
32B;;
181;;
187;;
542;;
501;;
18B;;
18C;;
182;;
502;;
662;;
187;;
6EB;;
181;;
507;;
18B;;
18C;;
32B;;
531;;
187;;
181;;
182;;
522;;
582;;
18B;;
18C;;
6FC;;
50C;;
187;;
512;;
532;;
5C2;;
18B;;
18C;;
32B;;
181;;
182;;
552;;
187;;
527;;
567;;
6AC;;
18B;;
18C;;
181;;
541;;
187;;
18B;;
18C;;
32B;;
182;;
517;;
181;;
187;;
542;;
5B2;;
18B;;
18C;;
182;;
572;;
187;;
18B;;
18C;;
181;;
32B;;
50B;;
531;;
187;;
18B;;
18C;;
182;;
181;;
522;;
562;;
582;;
5F2;;
18B;;
18C;;
32B;;
511;;
187;;
512;;
532;;
51B;;
181;;
18B;;
18C;;
182;;
187;;
18B;;
18C;;
32B;;
181;;
541;;
187;;
182;;
18B;;
18C;;
320;;
6AC;;
181;;
6E1;;
187;;
507;;
502;;
542;;
18B;;
18C;;
32B;;
182;;
5C2;;
187;;
181;;
551;;
581;;
18B;;
18C;;
5D2;;
6F2;;
531;;
601;;
6F1;;
187;;
30B;;
31B;;
18B;;
18C;;
32B;;
181;;
182;;
522;;
582;;
6E2;;
527;;
567;;
6FB;;
6FC;;
187;;
537;;
6F7;;
512;;
532;;
552;;
672;;
18B;;
18C;;
181;;
182;;
187;;
18B;;
18C;;
32B;;
501;;
41C;;
75B;;
6EB;;
181;;
541;;
751;;
187;;
757;;
18B;;
18C;;
182;;
5B2;;
752;;
18B;;
18C;;
32B;;
181;;
187;;
542;;
5C2;;
18B;;
18C;;
182;;
187;;
181;;
6AC;;
50C;;
5F2;;
18B;;
18C;;
32B;;
531;;
187;;
181;;
182;;
522;;
582;;
18B;;
18C;;
187;;
517;;
512;;
532;;
18B;;
18C;;
32B;;
181;;
182;;
187;;
18B;;
18C;;
50B;;
507;;
5C2;;
181;;
187;;
18B;;
18C;;
32B;;
182;;
502;;
181;;
187;;
542;;
562;;
18B;;
18C;;
511;;
51B;;
182;;
187;;
527;;
567;;
18B;;
18C;;
32B;;
181;;
60B;;
531;;
187;;
18B;;
18C;;
182;;
181;;
522;;
552;;
582;;
320;;
6AC;;
6FC;;
18B;;
18C;;
32B;;
187;;
512;;
532;;
181;;
6E1;;
18B;;
18C;;
61B;;
182;;
5C2;;
187;;
5B2;;
18B;;
18C;;
32B;;
181;;
551;;
581;;
187;;
30B;;
31B;;
182;;
5D2;;
6F1;;
6F2;;
18B;;
18C;;
6BC;;
6FB;;
181;;
187;;
542;;
6E2;;
537;;
18B;;
18C;;
32B;;
6CB;;
6F7;;
182;;
5F2;;
187;;
181;;
18B;;
18C;;
6AB;;
6EB;;
501;;
531;;
187;;
18B;;
18C;;
32B;;
181;;
182;;
522;;
541;;
582;;
6C2;;
40C;;
6AC;;
60C;;
61C;;
62C;;
63C;;
64C;;
65C;;
6AB;;
187;;
507;;
6CC;;
711;;
621;;
631;;
512;;
532;;
5C2;;
641;;
651;;
661;;
18B;;
18C;;
671;;
607;;
617;;
181;;
627;;
637;;
647;;
657;;
6A1;;
6C7;;
182;;
6A2;;
187;;
407;;
417;;
18B;;
18C;;
32B;;
401;;
411;;
421;;
502;;
181;;
701;;
187;;
18B;;
18C;;
182;;
527;;
567;;
50C;;
18B;;
18C;;
32B;;
181;;
187;;
542;;
517;;
18B;;
18C;;
182;;
187;;
181;;
552;;
5C2;;
18B;;
18C;;
32B;;
50B;;
531;;
187;;
182;;
181;;
522;;
582;;
18B;;
18C;;
6FC;;
62B;;
63B;;
64B;;
187;;
65B;;
512;;
532;;
40B;;
41B;;
18B;;
18C;;
32B;;
181;;
182;;
562;;
5B2;;
187;;
51B;;
511;;
6AC;;
18B;;
18C;;
181;;
187;;
18B;;
18C;;
32B;;
182;;
320;;
181;;
187;;
542;;
5F2;;
18B;;
18C;;
182;;
187;;
18B;;
18C;;
32B;;
181;;
6E1;;
41C;;
507;;
6A7;;
531;;
187;;
18B;;
18C;;
182;;
181;;
522;;
551;;
581;;
582;;
30B;;
31B;;
18B;;
18C;;
32B;;
611;;
6F1;;
187;;
512;;
532;;
5D2;;
6F2;;
6FB;;
181;;
18B;;
18C;;
182;;
502;;
602;;
612;;
622;;
632;;
187;;
527;;
537;;
567;;
642;;
652;;
6E2;;
6F7;;
402;;
412;;
18B;;
18C;;
32B;;
181;;
187;;
6EB;;
182;;
501;;
18B;;
18C;;
6AC;;
181;;
187;;
541;;
542;;
5C2;;
18B;;
18C;;
32B;;
182;;
552;;
187;;
181;;
18B;;
18C;;
531;;
187;;
18B;;
18C;;
32B;;
181;;
182;;
522;;
582;;
6FC;;
187;;
532;;
5B2;;
18B;;
18C;;
181;;
182;;
662;;
187;;
517;;
18B;;
18C;;
32B;;
50C;;
5C2;;
181;;
187;;
18B;;
18C;;
50B;;
182;;
512;;
5F2;;
18B;;
18C;;
32B;;
181;;
187;;
507;;
542;;
18B;;
18C;;
182;;
187;;
181;;
6AC;;
51B;;
562;;
18B;;
18C;;
32B;;
511;;
531;;
187;;
181;;
182;;
522;;
582;;
527;;
567;;
18B;;
18C;;
320;;
187;;
502;;
532;;
18B;;
18C;;
32B;;
181;;
182;;
572;;
5C2;;
187;;
18B;;
18C;;
181;;
6E1;;
187;;
18B;;
18C;;
32B;;
182;;
512;;
30B;;
31B;;
181;;
551;;
187;;
581;;
542;;
552;;
18B;;
18C;;
6FB;;
6F1;;
182;;
5D2;;
6F2;;
187;;
18B;;
18C;;
32B;;
181;;
537;;
6F7;;
6E2;;
531;;
187;;
18B;;
18C;;
6EB;;
181;;
182;;
522;;
582;;
5B2;;
6AC;;
6FC;;
18B;;
18C;;
32B;;
501;;
187;;
532;;
181;;
541;;
18B;;
18C;;
182;;
187;;
507;;
5F2;;
18B;;
18C;;
32B;;
181;;
601;;
187;;
182;;
512;;
18B;;
18C;;
181;;
187;;
542;;
672;;
18B;;
18C;;
32B;;
182;;
187;;
527;;
567;;
181;;
41C;;
18B;;
18C;;
75B;;
517;;
5C2;;
531;;
751;;
187;;
757;;
18B;;
18C;;
32B;;
181;;
182;;
502;;
50B;;
522;;
582;;
752;;
50C;;
187;;
532;;
562;;
18B;;
18C;;
181;;
182;;
187;;
18B;;
18C;;
32B;;
6AC;;
51B;;
181;;
187;;
18B;;
18C;;
511;;
182;;
512;;
552;;
320;;
18B;;
18C;;
32B;;
181;;
187;;
542;;
18B;;
18C;;
182;;
5C2;;
187;;
181;;
5B2;;
18B;;
18C;;
32B;;
531;;
187;;
181;;
182;;
522;;
582;;
6E1;;
18B;;
18C;;
6FC;;
187;;
507;;
532;;
30B;;
31B;;
18B;;
18C;;
32B;;
181;;
551;;
581;;
60B;;
6FB;;
182;;
5F2;;
187;;
6F1;;
18B;;
18C;;
5D2;;
6F2;;
181;;
187;;
537;;
6F7;;
18B;;
18C;;
32B;;
182;;
512;;
6E2;;
527;;
567;;
6EB;;
6AC;;
181;;
187;;
542;;
18B;;
18C;;
61B;;
501;;
182;;
187;;
18B;;
18C;;
32B;;
181;;
541;;
502;;
531;;
187;;
18B;;
18C;;
181;;
182;;
522;;
582;;
6BC;;
18B;;
18C;;
32B;;
6CB;;
187;;
532;;
181;;
18B;;
18C;;
182;;
187;;
552;;
5C2;;
18B;;
18C;;
32B;;
181;;
187;;
517;;
6AB;;
182;;
512;;
6C2;;
18B;;
18C;;
50B;;
6AC;;
6AB;;
181;;
711;;
187;;
607;;
617;;
621;;
627;;
542;;
631;;
637;;
641;;
647;;
651;;
657;;
661;;
671;;
6C7;;
407;;
417;;
18B;;
18C;;
32B;;
6A1;;
182;;
562;;
5B2;;
6A2;;
187;;
181;;
401;;
411;;
421;;
40C;;
50C;;
60C;;
61C;;
62C;;
63C;;
18B;;
18C;;
64C;;
65C;;
507;;
6CC;;
531;;
701;;
51B;;
187;;
18B;;
18C;;
32B;;
181;;
182;;
522;;
582;;
320;;
6FC;;
511;;
187;;
532;;
5F2;;
18B;;
18C;;
181;;
182;;
5C2;;
187;;
527;;
567;;
18B;;
18C;;
32B;;
181;;
187;;
18B;;
18C;;
62B;;
63B;;
64B;;
182;;
512;;
65B;;
40B;;
41B;;
18B;;
18C;;
32B;;
181;;
6E1;;
187;;
542;;
30B;;
31B;;
18B;;
18C;;
182;;
502;;
187;;
6FB;;
181;;
551;;
581;;
6AC;;
18B;;
18C;;
32B;;
531;;
6F1;;
187;;
181;;
182;;
522;;
582;;
5D2;;
6F2;;
537;;
6F7;;
18B;;
18C;;
6EB;;
187;;
532;;
5C2;;
6E2;;
18B;;
18C;;
32B;;
181;;
541;;
182;;
552;;
187;;
6A7;;
501;;
41C;;
18B;;
18C;;
181;;
187;;
18B;;
18C;;
32B;;
182;;
512;;
181;;
611;;
187;;
507;;
542;;
5B2;;
18B;;
18C;;
182;;
602;;
612;;
622;;
632;;
187;;
642;;
652;;
18B;;
181;;
18C;;
32B;;
5C2;;
402;;
412;;
531;;
187;;
18B;;
18C;;
182;;
181;;
522;;
582;;
5F2;;
517;;
527;;
567;;
6AC;;
6FC;;
18B;;
18C;;
32B;;
50B;;
187;;
532;;
181;;
541;;
18B;;
18C;;
182;;
187;;
562;;
18B;;
18C;;
32B;;
181;;
187;;
51B;;
182;;
512;;
18B;;
18C;;
320;;
50C;;
181;;
187;;
502;;
542;;
18B;;
18C;;
32B;;
511;;
182;;
5C2;;
662;;
187;;
181;;
18B;;
18C;;
531;;
187;;
18B;;
18C;;
32B;;
181;;
182;;
522;;
582;;
187;;
532;;
552;;
18B;;
18C;;
181;;
541;;
6E1;;
30B;;
31B;;
182;;
187;;
18B;;
18C;;
32B;;
6AC;;
6FB;;
507;;
181;;
551;;
581;;
187;;
18B;;
18C;;
6F1;;
182;;
512;;
5B2;;
18B;;
18C;;
32B;;
181;;
187;;
537;;
6F7;;
542;;
5C2;;
5D2;;
6F2;;
6EB;;
18B;;
18C;;
182;;
572;;
6E2;;
187;;
527;;
567;;
181;;
5F2;;
18B;;
18C;;
32B;;
501;;
531;;
187;;
181;;
182;;
522;;
582;;
18B;;
18C;;
6FC;;
187;;
532;;
18B;;
18C;;
32B;;
181;;
541;;
182;;
187;;
18B;;
18C;;
5C2;;
181;;
187;;
18B;;
18C;;
32B;;
182;;
502;;
512;;
6AC;;
181;;
187;;
517;;
542;;
18B;;
18C;;
50B;;
182;;
187;;
18B;;
18C;;
32B;;
181;;
531;;
601;;
187;;
18B;;
18C;;
182;;
181;;
522;;
552;;
562;;
582;;
51B;;
320;;
41C;;
18B;;
18C;;
32B;;
75B;;
187;;
507;;
532;;
672;;
757;;
181;;
541;;
751;;
18B;;
18C;;
182;;
5C2;;
752;;
187;;
511;;
50C;;
5B2;;
18B;;
18C;;
32B;;
181;;
187;;
182;;
512;;
527;;
567;;
18B;;
18C;;
181;;
187;;
542;;
18B;;
18C;;
32B;;
182;;
5F2;;
187;;
30B;;
31B;;
181;;
6E1;;
6AC;;
18B;;
18C;;
6FB;;
531;;
187;;
18B;;
18C;;
32B;;
181;;
182;;
522;;
551;;
581;;
582;;
6FC;;
6F1;;
187;;
532;;
5C2;;
18B;;
18C;;
537;;
6EB;;
6F7;;
181;;
541;;
182;;
5D2;;
6F2;;
187;;
18B;;
18C;;
32B;;
502;;
6E2;;
181;;
187;;
18B;;
18C;;
182;;
501;;
512;;
18B;;
18C;;
32B;;
181;;
187;;
542;;
60B;;
18B;;
18C;;
182;;
187;;
181;;
507;;
552;;
18B;;
18C;;
32B;;
531;;
187;;
182;;
181;;
522;;
582;;
18B;;
18C;;
61B;;
6AC;;
187;;
532;;
517;;
18B;;
18C;;
32B;;
181;;
50B;;
541;;
182;;
5B2;;
187;;
527;;
567;;
18B;;
18C;;
181;;
187;;
18B;;
18C;;
32B;;
182;;
512;;
6CB;;
320;;
6BC;;
51B;;
181;;
187;;
542;;
562;;
5F2;;
18B;;
18C;;
182;;
5C2;;
187;;
18B;;
18C;;
181;;
32B;;
511;;
531;;
187;;
18B;;
18C;;
6AB;;
182;;
181;;
522;;
582;;
6C2;;
607;;
617;;
627;;
637;;
647;;
657;;
6C7;;
6AC;;
6FC;;
50C;;
18B;;
18C;;
32B;;
711;;
187;;
407;;
417;;
621;;
631;;
532;;
641;;
651;;
661;;
671;;
181;;
541;;
6A1;;
18B;;
18C;;
182;;
502;;
6A2;;
187;;
401;;
411;;
421;;
30B;;
31B;;
18B;;
18C;;
32B;;
181;;
701;;
6E1;;
187;;
6FB;;
182;;
512;;
18B;;
18C;;
40C;;
60C;;
61C;;
62C;;
63C;;
64C;;
65C;;
6CC;;
181;;
551;;
187;;
507;;
581;;
542;;
18B;;
18C;;
32B;;
6F1;;
6EB;;
182;;
552;;
187;;
537;;
6F7;;
181;;
18B;;
18C;;
5D2;;
6F2;;
62B;;
63B;;
64B;;
531;;
65B;;
187;;
40B;;
41B;;
18B;;
18C;;
32B;;
182;;
181;;
522;;
582;;
6E2;;
527;;
567;;
501;;
187;;
5B2;;
18B;;
18C;;
181;;
541;;
182;;
187;;
18B;;
18C;;
32B;;
6AC;;
5C2;;
181;;
187;;
18B;;
18C;;
182;;
512;;
5F2;;
41C;;
18B;;
18C;;
32B;;
181;;
187;;
532;;
542;;
6A7;;
18B;;
18C;;
50B;;
182;;
187;;
517;;
181;;
18B;;
18C;;
32B;;
531;;
187;;
182;;
181;;
522;;
582;;
18B;;
18C;;
320;;
6FC;;
611;;
187;;
502;;
51B;;
18B;;
18C;;
32B;;
181;;
182;;
562;;
5C2;;
602;;
612;;
622;;
632;;
187;;
642;;
652;;
18B;;
18C;;
507;;
402;;
412;;
181;;
187;;
18B;;
18C;;
32B;;
182;;
511;;
512;;
6AC;;
181;;
187;;
532;;
542;;
552;;
18B;;
18C;;
182;;
187;;
527;;
567;;
18B;;
18C;;
181;;
32B;;
50C;;
30B;;
31B;;
531;;
187;;
18B;;
18C;;
6FB;;
181;;
182;;
522;;
582;;
5B2;;
6E1;;
18B;;
18C;;
32B;;
187;;
181;;
551;;
581;;
18B;;
18C;;
182;;
662;;
187;;
6EB;;
6F1;;
537;;
6F7;;
5F2;;
18B;;
18C;;
32B;;
181;;
187;;
182;;
512;;
5D2;;
6F2;;
18B;;
18C;;
181;;
187;;
532;;
542;;
6E2;;
18B;;
18C;;
32B;;
501;;
182;;
187;;
181;;
541;;
6AC;;
18B;;
18C;;
5C2;;
531;;
187;;
18B;;
18C;;
32B;;
181;;
182;;
502;;
522;;
582;;
6FC;;
187;;
507;;
18B;;
18C;;
181;;
182;;
572;;
187;;
18B;;
18C;;
32B;;
50B;;
517;;
181;;
187;;
18B;;
18C;;
182;;
512;;
552;;
527;;
567;;
320;;
18B;;
18C;;
32B;;
181;;
187;;
532;;
542;;
51B;;
18B;;
18C;;
182;;
5C2;;
187;;
181;;
562;;
5B2;;
18B;;
18C;;
32B;;
531;;
187;;
181;;
182;;
522;;
582;;
18B;;
18C;;
6AC;;
511;;
187;;
18B;;
18C;;
32B;;
181;;
182;;
5F2;;
187;;
41C;;
18B;;
18C;;
75B;;
181;;
601;;
751;;
187;;
30B;;
31B;;
757;;
18B;;
18C;;
32B;;
182;;
512;;
752;;
6FB;;
50C;;
181;;
6E1;;
187;;
532;;
542;;
5C2;;
672;;
18B;;
18C;;
182;;
187;;
18B;;
18C;;
181;;
32B;;
551;;
581;;
6EB;;
507;;
502;;
531;;
6F1;;
187;;
537;;
18B;;
18C;;
6F7;;
181;;
182;;
522;;
582;;
6FC;;
18B;;
18C;;
32B;;
187;;
5D2;;
6F2;;
181;;
18B;;
18C;;
182;;
6E2;;
187;;
527;;
567;;
501;;
6AC;;
552;;
5C2;;
18B;;
18C;;
32B;;
181;;
541;;
187;;
182;;
512;;
18B;;
18C;;
181;;
187;;
532;;
542;;
18B;;
18C;;
32B;;
182;;
5B2;;
187;;
181;;
18B;;
18C;;
50B;;
531;;
187;;
517;;
18B;;
18C;;
32B;;
181;;
182;;
522;;
582;;
60B;;
320;;
187;;
5F2;;
18B;;
18C;;
181;;
51B;;
182;;
5C2;;
187;;
18B;;
18C;;
32B;;
181;;
187;;
18B;;
18C;;
61B;;
182;;
512;;
562;;
6AC;;
18B;;
18C;;
32B;;
181;;
187;;
507;;
532;;
542;;
511;;
18B;;
18C;;
182;;
502;;
187;;
181;;
18B;;
18C;;
32B;;
531;;
6CB;;
187;;
30B;;
31B;;
181;;
182;;
522;;
582;;
527;;
567;;
18B;;
18C;;
6FC;;
6BC;;
6FB;;
187;;
5C2;;
18B;;
18C;;
32B;;
181;;
6E1;;
182;;
552;;
187;;
50C;;
18B;;
18C;;
6AB;;
6EB;;
181;;
551;;
581;;
187;;
607;;
617;;
627;;
637;;
647;;
657;;
6C7;;
18B;;
18C;;
32B;;
182;;
512;;
6C2;;
6F1;;
537;;
6F7;;
407;;
417;;
6AC;;
6AB;;
187;;
181;;
711;;
621;;
631;;
641;;
651;;
661;;
671;;
532;;
542;;
5B2;;
18B;;
18C;;
6A1;;
182;;
5D2;;
6A2;;
6F2;;
187;;
18B;;
18C;;
181;;
32B;;
401;;
411;;
421;;
5C2;;
6E2;;
501;;
531;;
701;;
187;;
18B;;
18C;;
181;;
541;;
182;;
522;;
582;;
5F2;;
18B;;
18C;;
32B;;
187;;
181;;
18B;;
18C;;
182;;
187;;
62B;;
63B;;
64B;;
65B;;
40C;;
60C;;
61C;;
62C;;
63C;;
64C;;
65C;;
40B;;
41B;;
507;;
6CC;;
18B;;
18C;;
32B;;
50B;;
181;;
187;;
182;;
512;;
517;;
18B;;
18C;;
320;;
181;;
187;;
502;;
532;;
542;;
18B;;
18C;;
32B;;
182;;
5C2;;
187;;
527;;
567;;
51B;;
181;;
6AC;;
41C;;
18B;;
18C;;
531;;
187;;
18B;;
18C;;
32B;;
181;;
182;;
522;;
582;;
6FC;;
187;;
6A7;;
552;;
562;;
18B;;
18C;;
181;;
182;;
187;;
18B;;
18C;;
32B;;
511;;
181;;
187;;
18B;;
18C;;
182;;
512;;
5B2;;
30B;;
31B;;
18B;;
18C;;
32B;;
181;;
611;;
187;;
532;;
542;;
5C2;;
6FB;;
18B;;
18C;;
182;;
602;;
612;;
622;;
632;;
187;;
642;;
652;;
181;;
6E1;;
5F2;;
402;;
412;;
18B;;
18C;;
32B;;
531;;
187;;
6EB;;
182;;
181;;
522;;
551;;
581;;
582;;
18B;;
18C;;
6AC;;
50C;;
6F1;;
187;;
507;;
537;;
6F7;;
18B;;
18C;;
32B;;
181;;
182;;
187;;
18B;;
18C;;
5C2;;
5D2;;
6F2;;
181;;
187;;
18B;;
18C;;
32B;;
501;;
182;;
502;;
512;;
6E2;;
527;;
567;;
181;;
541;;
187;;
532;;
542;;
18B;;
18C;;
182;;
662;;
187;;
18B;;
18C;;
181;;
32B;;
531;;
187;;
18B;;
18C;;
50B;;
182;;
181;;
522;;
552;;
582;;
320;;
6FC;;
18B;;
18C;;
32B;;
187;;
517;;
181;;
18B;;
18C;;
182;;
5C2;;
187;;
6AC;;
51B;;
5B2;;
18B;;
18C;;
32B;;
181;;
187;;
182;;
512;;
18B;;
18C;;
181;;
187;;
532;;
542;;
18B;;
18C;;
32B;;
182;;
562;;
572;;
5F2;;
187;;
181;;
18B;;
18C;;
507;;
511;;
531;;
187;;
18B;;
18C;;
32B;;
181;;
182;;
522;;
582;;
30B;;
31B;;
187;;
5C2;;
18B;;
18C;;
6FB;;
181;;
182;;
187;;
527;;
567;;
18B;;
18C;;
32B;;
502;;
181;;
6E1;;
187;;
18B;;
18C;;
6EB;;
182;;
512;;
6AC;;
18B;;
18C;;
32B;;
181;;
551;;
187;;
581;;
532;;
542;;
537;;
6F7;;
6F1;;
18B;;
18C;;
182;;
187;;
181;;
41C;;
50C;;
75B;;
552;;
5C2;;
18B;;
18C;;
32B;;
531;;
601;;
751;;
187;;
757;;
181;;
182;;
522;;
582;;
5D2;;
6F2;;
752;;
18B;;
18C;;
6FC;;
501;;
187;;
541;;
672;;
6E2;;
18B;;
18C;;
32B;;
181;;
182;;
5B2;;
187;;
18B;;
18C;;
181;;
187;;
18B;;
18C;;
32B;;
182;;
50B;;
512;;
320;;
181;;
187;;
507;;
542;;
5F2;;
18B;;
18C;;
517;;
182;;
5C2;;
187;;
18B;;
18C;;
32B;;
181;;
6AC;;
51B;;
531;;
187;;
18B;;
18C;;
182;;
181;;
522;;
582;;
527;;
567;;
18B;;
18C;;
32B;;
541;;
187;;
181;;
18B;;
18C;;
182;;
502;;
187;;
562;;
18B;;
18C;;
32B;;
181;;
187;;
60B;;
511;;
182;;
512;;
532;;
18B;;
18C;;
181;;
187;;
542;;
5C2;;
30B;;
31B;;
18B;;
18C;;
32B;;
6FB;;
182;;
552;;
187;;
181;;
18B;;
18C;;
61B;;
531;;
187;;
18B;;
18C;;
32B;;
181;;
182;;
522;;
582;;
6E1;;
6EB;;
6AC;;
6FC;;
541;;
187;;
5B2;;
18B;;
18C;;
181;;
551;;
581;;
182;;
187;;
537;;
6F7;;
18B;;
18C;;
32B;;
6CB;;
6F1;;
507;;
5C2;;
181;;
187;;
18B;;
18C;;
182;;
512;;
5F2;;
50C;;
6BC;;
18B;;
18C;;
32B;;
181;;
187;;
542;;
5D2;;
6F2;;
501;;
18B;;
18C;;
182;;
6E2;;
187;;
527;;
567;;
181;;
607;;
617;;
627;;
637;;
647;;
657;;
6C7;;
18B;;
18C;;
32B;;
531;;
187;;
407;;
417;;
6AB;;
182;;
181;;
522;;
582;;
6C2;;
18B;;
18C;;
50B;;
320;;
6AC;;
6AB;;
541;;
711;;
187;;
621;;
631;;
641;;
651;;
502;;
661;;
671;;
18B;;
18C;;
32B;;
181;;
6A1;;
182;;
5C2;;
6A2;;
187;;
517;;
401;;
411;;
421;;
18B;;
18C;;
532;;
181;;
701;;
187;;
51B;;
18B;;
18C;;
32B;;
182;;
181;;
187;;
542;;
552;;
18B;;
18C;;
62B;;
63B;;
64B;;
65B;;
40B;;
41B;;
182;;
187;;
18B;;
18C;;
32B;;
181;;
531;;
187;;
18B;;
18C;;
181;;
182;;
522;;
562;;
582;;
5B2;;
40C;;
6FC;;
60C;;
61C;;
62C;;
63C;;
18B;;
18C;;
32B;;
511;;
541;;
187;;
507;;
64C;;
65C;;
5C2;;
6CC;;
30B;;
31B;;
181;;
18B;;
18C;;
182;;
187;;
6FB;;
6AC;;
41C;;
512;;
5F2;;
18B;;
18C;;
32B;;
181;;
187;;
182;;
527;;
567;;
6A7;;
18B;;
18C;;
6EB;;
181;;
6E1;;
187;;
542;;
18B;;
18C;;
32B;;
182;;
187;;
181;;
551;;
581;;
18B;;
18C;;
537;;
6F7;;
522;;
5C2;;
531;;
6F1;;
187;;
18B;;
18C;;
32B;;
181;;
182;;
502;;
582;;
541;;
611;;
187;;
18B;;
18C;;
181;;
182;;
532;;
5D2;;
602;;
612;;
622;;
632;;
187;;
642;;
652;;
6F2;;
18B;;
18C;;
32B;;
501;;
50C;;
6E2;;
402;;
412;;
181;;
187;;
18B;;
18C;;
182;;
552;;
320;;
6AC;;
18B;;
18C;;
181;;
32B;;
50B;;
187;;
532;;
542;;
18B;;
18C;;
182;;
5C2;;
187;;
181;;
507;;
517;;
522;;
5B2;;
18B;;
18C;;
32B;;
531;;
187;;
51B;;
182;;
181;;
582;;
18B;;
18C;;
6FC;;
541;;
187;;
18B;;
18C;;
32B;;
181;;
182;;
512;;
5F2;;
662;;
187;;
527;;
567;;
18B;;
18C;;
181;;
187;;
18B;;
18C;;
32B;;
182;;
181;;
187;;
532;;
542;;
562;;
5C2;;
18B;;
18C;;
511;;
30B;;
31B;;
182;;
187;;
18B;;
18C;;
32B;;
181;;
6AC;;
6FB;;
502;;
522;;
531;;
187;;
18B;;
18C;;
182;;
181;;
582;;
18B;;
18C;;
32B;;
541;;
187;;
6EB;;
181;;
6E1;;
18B;;
18C;;
182;;
572;;
187;;
552;;
5C2;;
18B;;
18C;;
32B;;
181;;
551;;
581;;
187;;
537;;
6F7;;
6F1;;
182;;
18B;;
18C;;
181;;
187;;
507;;
532;;
542;;
18B;;
18C;;
32B;;
182;;
5B2;;
187;;
181;;
18B;;
18C;;
522;;
5D2;;
6F2;;
501;;
531;;
187;;
18B;;
18C;;
32B;;
181;;
182;;
582;;
6E2;;
527;;
567;;
320;;
6AC;;
6FC;;
41C;;
50C;;
541;;
187;;
512;;
5F2;;
18B;;
18C;;
50B;;
75B;;
757;;
181;;
751;;
182;;
5C2;;
752;;
187;;
18B;;
18C;;
32B;;
181;;
601;;
187;;
517;;
18B;;
18C;;
182;;
51B;;
18B;;
18C;;
32B;;
181;;
187;;
532;;
542;;
672;;
18B;;
18C;;
182;;
502;;
187;;
181;;
522;;
18B;;
18C;;
32B;;
531;;
187;;
181;;
182;;
582;;
18B;;
18C;;
187;;
5C2;;
18B;;
18C;;
32B;;
181;;
182;;
552;;
562;;
187;;
30B;;
31B;;
511;;
6AC;;
18B;;
18C;;
507;;
6FB;;
181;;
187;;
18B;;
18C;;
32B;;
182;;
181;;
187;;
512;;
532;;
542;;
5B2;;
18B;;
18C;;
6EB;;
182;;
187;;
527;;
567;;
18B;;
18C;;
32B;;
181;;
6E1;;
60B;;
522;;
5C2;;
531;;
187;;
18B;;
18C;;
181;;
182;;
551;;
581;;
582;;
5F2;;
537;;
6F7;;
6FC;;
18B;;
18C;;
32B;;
6F1;;
187;;
181;;
18B;;
18C;;
61B;;
182;;
187;;
18B;;
18C;;
32B;;
181;;
187;;
501;;
182;;
5D2;;
6F2;;
18B;;
18C;;
320;;
6AC;;
181;;
187;;
502;;
512;;
532;;
542;;
6E2;;
18B;;
18C;;
32B;;
50B;;
541;;
6CB;;
182;;
5C2;;
187;;
181;;
50C;;
18B;;
18C;;
522;;
531;;
187;;
18B;;
18C;;
32B;;
181;;
182;;
582;;
517;;
6BC;;
51B;;
187;;
507;;
552;;
18B;;
18C;;
181;;
182;;
187;;
607;;
617;;
627;;
637;;
647;;
18B;;
18C;;
32B;;
657;;
6C7;;
407;;
417;;
181;;
187;;
18B;;
18C;;
6AB;;
182;;
5B2;;
6C2;;
527;;
567;;
6AC;;
18B;;
18C;;
32B;;
181;;
711;;
187;;
621;;
631;;
641;;
651;;
512;;
532;;
542;;
5C2;;
661;;
671;;
6A1;;
18B;;
18C;;
182;;
6A2;;
187;;
181;;
401;;
411;;
421;;
30B;;
31B;;
522;;
562;;
5F2;;
18B;;
18C;;
32B;;
511;;
531;;
701;;
187;;
6FB;;
181;;
182;;
582;;
18B;;
18C;;
6FC;;
62B;;
63B;;
64B;;
65B;;
187;;
40B;;
41B;;
18B;;
18C;;
32B;;
181;;
6EB;;
182;;
187;;
18B;;
18C;;
5C2;;
181;;
6E1;;
187;;
18B;;
18C;;
32B;;
182;;
502;;
562;;
41C;;
181;;
551;;
187;;
537;;
581;;
6F7;;
512;;
532;;
542;;
18B;;
18C;;
6F1;;
182;;
187;;
18B;;
18C;;
32B;;
181;;
40C;;
6AC;;
60C;;
61C;;
62C;;
63C;;
64C;;
65C;;
6CC;;
507;;
522;;
531;;
18B;;
18C;;
187;;
6A7;;
181;;
182;;
552;;
582;;
320;;
18B;;
18C;;
32B;;
501;;
187;;
5D2;;
6F2;;
181;;
18B;;
18C;;
50B;;
182;;
5C2;;
6E2;;
187;;
527;;
567;;
541;;
5B2;;
18B;;
18C;;
32B;;
181;;
187;;
182;;
18B;;
18C;;
50C;;
181;;
611;;
187;;
517;;
512;;
532;;
542;;
51B;;
18B;;
18C;;
32B;;
182;;
5F2;;
602;;
612;;
622;;
632;;
187;;
642;;
652;;
181;;
18B;;
18C;;
522;;
402;;
412;;
531;;
187;;
18B;;
18C;;
32B;;
181;;
182;;
582;;
6AC;;
6FC;;
187;;
5C2;;
18B;;
18C;;
181;;
182;;
187;;
18B;;
18C;;
32B;;
502;;
30B;;
31B;;
181;;
187;;
18B;;
18C;;
6FB;;
511;;
182;;
18B;;
18C;;
32B;;
181;;
187;;
507;;
512;;
532;;
542;;
18B;;
18C;;
182;;
662;;
187;;
6EB;;
181;;
522;;
552;;
5C2;;
18B;;
18C;;
32B;;
531;;
187;;
181;;
182;;
582;;
6E1;;
527;;
567;;
18B;;
18C;;
187;;
562;;
537;;
18B;;
18C;;
32B;;
181;;
551;;
581;;
6F7;;
182;;
5B2;;
187;;
6F1;;
6AC;;
18B;;
18C;;
181;;
187;;
18B;;
18C;;
32B;;
182;;
320;;
181;;
187;;
512;;
532;;
542;;
5F2;;
18B;;
18C;;
501;;
182;;
572;;
5C2;;
5D2;;
6F2;;
187;;
18B;;
18C;;
181;;
32B;;
50B;;
522;;
6E2;;
531;;
541;;
187;;
18B;;
18C;;
181;;
182;;
582;;
6FC;;
18B;;
18C;;
32B;;
187;;
517;;
51B;;
181;;
18B;;
18C;;
182;;
502;;
187;;
41C;;
50C;;
75B;;
507;;
18B;;
18C;;
32B;;
181;;
751;;
187;;
757;;
182;;
752;;
18B;;
18C;;
6AC;;
181;;
187;;
512;;
532;;
542;;
18B;;
18C;;
32B;;
182;;
552;;
187;;
527;;
567;;
181;;
18B;;
18C;;
522;;
531;;
601;;
187;;
30B;;
31B;;
18B;;
18C;;
32B;;
181;;
182;;
582;;
6FB;;
511;;
187;;
5B2;;
672;;
18B;;
18C;;
181;;
182;;
187;;
18B;;
18C;;
32B;;
6EB;;
5C2;;
181;;
187;;
18B;;
18C;;
182;;
5F2;;
18B;;
18C;;
32B;;
181;;
6E1;;
187;;
512;;
532;;
542;;
18B;;
18C;;
182;;
562;;
187;;
537;;
6F7;;
181;;
551;;
581;;
6AC;;
522;;
18B;;
18C;;
32B;;
531;;
6F1;;
187;;
181;;
182;;
582;;
18B;;
18C;;
320;;
6FC;;
187;;
507;;
502;;
18B;;
18C;;
32B;;
181;;
60B;;
182;;
5C2;;
187;;
501;;
18B;;
18C;;
50B;;
5D2;;
6F2;;
181;;
187;;
18B;;
18C;;
32B;;
182;;
541;;
6E2;;
527;;
567;;
181;;
187;;
512;;
532;;
542;;
552;;
18B;;
18C;;
61B;;
51B;;
182;;
187;;
517;;
18B;;
18C;;
32B;;
181;;
522;;
531;;
187;;
18B;;
18C;;
181;;
182;;
582;;
5B2;;
6AC;;
50C;;
18B;;
18C;;
32B;;
6CB;;
187;;
5C2;;
181;;
18B;;
18C;;
182;;
187;;
5F2;;
18B;;
18C;;
32B;;
181;;
187;;
30B;;
31B;;
182;;
18B;;
18C;;
6BC;;
6FB;;
181;;
187;;
512;;
532;;
542;;
607;;
18B;;
18C;;
32B;;
511;;
617;;
627;;
637;;
647;;
657;;
6C7;;
182;;
187;;
407;;
417;;
181;;
18B;;
18C;;
507;;
522;;
5C2;;
6AB;;
6EB;;
531;;
187;;
18B;;
18C;;
32B;;
181;;
182;;
502;;
582;;
6C2;;
6AC;;
6FC;;
6AB;;
711;;
621;;
187;;
631;;
641;;
651;;
661;;
671;;
18B;;
18C;;
181;;
6A1;;
6E1;;
182;;
6A2;;
187;;
527;;
567;;
18B;;
18C;;
32B;;
401;;
411;;
421;;
537;;
6F7;;
562;;
5B2;;
181;;
551;;
581;;
701;;
187;;
18B;;
18C;;
62B;;
63B;;
64B;;
182;;
552;;
65B;;
6F1;;
40B;;
41B;;
320;;
18B;;
18C;;
32B;;
181;;
187;;
512;;
532;;
542;;
18B;;
18C;;
182;;
5C2;;
187;;
181;;
41C;;
522;;
18B;;
18C;;
32B;;
501;;
50B;;
531;;
187;;
181;;
182;;
582;;
5D2;;
6F2;;
18B;;
18C;;
541;;
187;;
6E2;;
18B;;
18C;;
32B;;
181;;
182;;
5F2;;
187;;
51B;;
6AC;;
18B;;
18C;;
517;;
6A7;;
5B2;;
181;;
187;;
18B;;
18C;;
32B;;
182;;
40C;;
60C;;
61C;;
62C;;
63C;;
64C;;
65C;;
6CC;;
181;;
187;;
507;;
512;;
532;;
542;;
5C2;;
18B;;
18C;;
182;;
187;;
18B;;
18C;;
181;;
32B;;
50C;;
502;;
522;;
531;;
187;;
18B;;
18C;;
181;;
182;;
582;;
527;;
567;;
30B;;
31B;;
6FC;;
18B;;
18C;;
32B;;
611;;
187;;
6FB;;
181;;
18B;;
18C;;
182;;
602;;
187;;
612;;
622;;
632;;
642;;
652;;
511;;
541;;
552;;
5B2;;
5C2;;
18B;;
18C;;
32B;;
402;;
181;;
412;;
187;;
6EB;;
182;;
562;;
18B;;
18C;;
6AC;;
181;;
187;;
512;;
532;;
542;;
18B;;
18C;;
32B;;
182;;
187;;
181;;
6E1;;
18B;;
18C;;
522;;
531;;
187;;
537;;
6F7;;
18B;;
18C;;
32B;;
181;;
551;;
182;;
581;;
582;;
320;;
6F1;;
187;;
5F2;;
18B;;
18C;;
181;;
182;;
5C2;;
662;;
187;;
18B;;
18C;;
32B;;
541;;
507;;
5B2;;
181;;
187;;
18B;;
18C;;
50B;;
501;;
182;;
18B;;
18C;;
32B;;
181;;
187;;
512;;
532;;
542;;
5D2;;
6F2;;
18B;;
18C;;
182;;
502;;
6E2;;
187;;
527;;
567;;
181;;
6AC;;
51B;;
522;;
18B;;
18C;;
32B;;
531;;
187;;
517;;
181;;
182;;
582;;
18B;;
18C;;
6FC;;
187;;
5C2;;
18B;;
18C;;
32B;;
181;;
182;;
552;;
572;;
187;;
541;;
18B;;
18C;;
5B2;;
181;;
187;;
18B;;
18C;;
32B;;
182;;
50C;;
30B;;
31B;;
181;;
187;;
512;;
532;;
542;;
18B;;
18C;;
6FB;;
182;;
187;;
18B;;
18C;;
32B;;
181;;
41C;;
75B;;
522;;
5C2;;
511;;
531;;
751;;
187;;
757;;
18B;;
18C;;
6EB;;
181;;
182;;
582;;
5F2;;
752;;
6AC;;
18B;;
18C;;
32B;;
187;;
507;;
562;;
181;;
18B;;
18C;;
182;;
187;;
541;;
5B2;;
18B;;
18C;;
32B;;
181;;
601;;
6E1;;
187;;
182;;
527;;
537;;
567;;
6F7;;
18B;;
18C;;
320;;
187;;
181;;
551;;
581;;
502;;
512;;
532;;
542;;
672;;
18B;;
18C;;
32B;;
6F1;;
182;;
187;;
181;;
18B;;
18C;;
522;;
531;;
187;;
18B;;
18C;;
32B;;
181;;
50B;;
182;;
582;;
6FC;;
501;;
187;;
552;;
18B;;
18C;;
181;;
182;;
5D2;;
187;;
6F2;;
18B;;
18C;;
32B;;
541;;
6AC;;
5B2;;
6E2;;
51B;;
181;;
187;;
18B;;
18C;;
182;;
517;;
18B;;
18C;;
32B;;
181;;
187;;
512;;
532;;
542;;
60B;;
18B;;
18C;;
182;;
187;;
181;;
507;;
522;;
5F2;;
18B;;
18C;;
32B;;
531;;
187;;
181;;
182;;
582;;
18B;;
18C;;
61B;;
187;;
30B;;
31B;;
18B;;
18C;;
32B;;
181;;
6FB;;
182;;
187;;
527;;
567;;
541;;
50C;;
18B;;
18C;;
5B2;;
5C2;;
181;;
187;;
18B;;
18C;;
32B;;
511;;
6CB;;
182;;
502;;
6EB;;
6AC;;
181;;
187;;
512;;
532;;
18B;;
18C;;
542;;
182;;
562;;
187;;
18B;;
18C;;
181;;
32B;;
522;;
531;;
187;;
18B;;
18C;;
181;;
6E1;;
182;;
552;;
582;;
320;;
6FC;;
6BC;;
18B;;
18C;;
32B;;
187;;
537;;
607;;
617;;
627;;
637;;
647;;
657;;
6C7;;
6F7;;
407;;
417;;
181;;
551;;
581;;
18B;;
18C;;
187;;
182;;
5C2;;
541;;
6F1;;
5B2;;
18B;;
18C;;
32B;;
181;;
187;;
6AB;;
182;;
6C2;;
18B;;
18C;;
50B;;
6AC;;
6AB;;
181;;
711;;
187;;
507;;
621;;
631;;
641;;
651;;
661;;
671;;
532;;
542;;
18B;;
18C;;
32B;;
501;;
6A1;;
182;;
5F2;;
6A2;;
187;;
181;;
401;;
411;;
421;;
18B;;
18C;;
522;;
5D2;;
62B;;
63B;;
531;;
64B;;
65B;;
6F2;;
701;;
187;;
51B;;
40B;;
41B;;
18B;;
18C;;
32B;;
181;;
182;;
582;;
6E2;;
527;;
567;;
187;;
517;;
5C2;;
18B;;
18C;;
181;;
182;;
187;;
18B;;
18C;;
32B;;
541;;
41C;;
502;;
5B2;;
181;;
187;;
18B;;
18C;;
182;;
512;;
18B;;
18C;;
32B;;
181;;
187;;
532;;
542;;
30B;;
31B;;
18B;;
18C;;
182;;
187;;
6A7;;
6FB;;
181;;
6AC;;
522;;
552;;
18B;;
18C;;
32B;;
531;;
5C2;;
187;;
181;;
182;;
582;;
18B;;
18C;;
6FC;;
50C;;
6EB;;
511;;
187;;
18B;;
18C;;
32B;;
181;;
182;;
187;;
541;;
40C;;
60C;;
61C;;
62C;;
63C;;
64C;;
18B;;
18C;;
65C;;
6CC;;
507;;
562;;
181;;
187;;
18B;;
18C;;
32B;;
182;;
320;;
181;;
611;;
187;;
6E1;;
532;;
542;;
18B;;
18C;;
562;;
5F2;;
537;;
6F7;;
182;;
5C2;;
602;;
612;;
187;;
527;;
567;;
622;;
632;;
18B;;
18C;;
181;;
32B;;
551;;
581;;
642;;
652;;
522;;
402;;
412;;
531;;
6F1;;
187;;
18B;;
18C;;
181;;
182;;
582;;
6AC;;
18B;;
18C;;
32B;;
50B;;
187;;
181;;
18B;;
18C;;
182;;
502;;
5B2;;
187;;
501;;
512;;
18B;;
18C;;
32B;;
181;;
187;;
51B;;
182;;
5D2;;
6F2;;
18B;;
18C;;
181;;
187;;
532;;
542;;
5C2;;
6E2;;
517;;
18B;;
18C;;
32B;;
182;;
552;;
662;;
187;;
181;;
18B;;
18C;;
522;;
531;;
187;;
18B;;
18C;;
32B;;
181;;
182;;
582;;
6FC;;
187;;
507;;
18B;;
18C;;
181;;
30B;;
31B;;
182;;
187;;
18B;;
18C;;
32B;;
6AC;;
6FB;;
5C2;;
181;;
187;;
18B;;
18C;;
182;;
5F2;;
527;;
567;;
18B;;
18C;;
32B;;
181;;
187;;
532;;
542;;
6EB;;
511;;
18B;;
18C;;
182;;
572;;
187;;
181;;
50C;;
522;;
18B;;
18C;;
32B;;
531;;
541;;
187;;
181;;
182;;
582;;
18B;;
18C;;
320;;
41C;;
75B;;
187;;
502;;
5B2;;
757;;
18B;;
18C;;
32B;;
181;;
6E1;;
751;;
182;;
512;;
562;;
5C2;;
752;;
187;;
537;;
6F7;;
18B;;
18C;;
181;;
551;;
581;;
187;;
18B;;
18C;;
32B;;
6F1;;
182;;
6AC;;
181;;
187;;
532;;
542;;
18B;;
18C;;
50B;;
552;;
182;;
187;;
18B;;
18C;;
32B;;
181;;
507;;
522;;
501;;
531;;
601;;
187;;
18B;;
18C;;
181;;
182;;
582;;
51B;;
6FC;;
18B;;
18C;;
32B;;
187;;
5C2;;
5D2;;
672;;
6F2;;
181;;
18B;;
18C;;
182;;
6E2;;
187;;
517;;
527;;
567;;
5F2;;
18B;;
18C;;
32B;;
181;;
187;;
182;;
18B;;
18C;;
181;;
187;;
532;;
542;;
18B;;
18C;;
32B;;
182;;
187;;
30B;;
31B;;
181;;
6AC;;
18B;;
18C;;
522;;
5C2;;
6FB;;
531;;
187;;
18B;;
18C;;
32B;;
181;;
182;;
502;;
582;;
5B2;;
60B;;
187;;
512;;
18B;;
18C;;
6EB;;
181;;
182;;
187;;
18B;;
18C;;
32B;;
511;;
181;;
187;;
18B;;
18C;;
61B;;
541;;
182;;
552;;
320;;
50C;;
18B;;
18C;;
32B;;
181;;
187;;
507;;
532;;
542;;
18B;;
18C;;
182;;
5C2;;
187;;
181;;
6E1;;
537;;
6F7;;
522;;
562;;
18B;;
18C;;
32B;;
531;;
6CB;;
187;;
181;;
551;;
581;;
182;;
582;;
527;;
567;;
18B;;
18C;;
6AC;;
6FC;;
6F1;;
187;;
18B;;
18C;;
32B;;
181;;
50B;;
182;;
5F2;;
187;;
18B;;
18C;;
181;;
187;;
18B;;
18C;;
32B;;
501;;
182;;
607;;
617;;
627;;
637;;
647;;
657;;
6C7;;
6BC;;
51B;;
181;;
187;;
407;;
417;;
532;;
542;;
18B;;
18C;;
5C2;;
182;;
5D2;;
6F2;;
187;;
18B;;
18C;;
181;;
32B;;
517;;
502;;
522;;
5B2;;
6E2;;
531;;
187;;
18B;;
18C;;
6AB;;
181;;
182;;
512;;
582;;
6C2;;
6AC;;
18B;;
18C;;
32B;;
711;;
621;;
187;;
631;;
641;;
651;;
661;;
671;;
181;;
6A1;;
18B;;
18C;;
182;;
6A2;;
187;;
62B;;
63B;;
401;;
411;;
421;;
64B;;
65B;;
30B;;
31B;;
40B;;
41B;;
507;;
552;;
18B;;
18C;;
32B;;
5C2;;
181;;
701;;
187;;
6FB;;
182;;
18B;;
18C;;
41C;;
181;;
187;;
532;;
542;;
18B;;
18C;;
32B;;
6EB;;
182;;
512;;
187;;
527;;
567;;
181;;
18B;;
18C;;
522;;
511;;
531;;
187;;
18B;;
18C;;
32B;;
181;;
182;;
582;;
320;;
6FC;;
541;;
187;;
5F2;;
18B;;
18C;;
6A7;;
181;;
182;;
5C2;;
187;;
18B;;
18C;;
32B;;
6AC;;
50C;;
181;;
6E1;;
187;;
537;;
18B;;
18C;;
6F7;;
182;;
562;;
18B;;
18C;;
32B;;
181;;
551;;
187;;
581;;
532;;
542;;
6F1;;
18B;;
18C;;
50B;;
182;;
502;;
512;;
5B2;;
187;;
181;;
522;;
18B;;
18C;;
32B;;
531;;
187;;
181;;
182;;
582;;
18B;;
18C;;
40C;;
60C;;
61C;;
62C;;
63C;;
64C;;
65C;;
6CC;;
501;;
611;;
187;;
507;;
5C2;;
51B;;
18B;;
18C;;
32B;;
181;;
182;;
552;;
602;;
612;;
187;;
622;;
632;;
642;;
652;;
18B;;
18C;;
5D2;;
6F2;;
402;;
412;;
181;;
187;;
517;;
18B;;
18C;;
32B;;
182;;
6E2;;
527;;
567;;
6AC;;
181;;
187;;
532;;
542;;
18B;;
18C;;
182;;
512;;
187;;
18B;;
18C;;
181;;
32B;;
522;;
5C2;;
30B;;
31B;;
531;;
187;;
18B;;
18C;;
6FB;;
181;;
182;;
582;;
5F2;;
6FC;;
18B;;
18C;;
32B;;
187;;
181;;
18B;;
18C;;
182;;
662;;
187;;
6EB;;
562;;
18B;;
18C;;
32B;;
181;;
187;;
511;;
182;;
18B;;
18C;;
320;;
181;;
187;;
502;;
532;;
542;;
5B2;;
18B;;
18C;;
32B;;
541;;
182;;
512;;
5C2;;
187;;
181;;
6AC;;
18B;;
18C;;
507;;
522;;
531;;
187;;
18B;;
18C;;
32B;;
181;;
6E1;;
182;;
582;;
537;;
6F7;;
50C;;
187;;
552;;
18B;;
18C;;
181;;
551;;
581;;
182;;
572;;
187;;
527;;
567;;
18B;;
18C;;
32B;;
50B;;
6F1;;
41C;;
75B;;
181;;
751;;
187;;
18B;;
18C;;
757;;
182;;
752;;
18B;;
18C;;
32B;;
181;;
541;;
187;;
532;;
542;;
5C2;;
51B;;
501;;
18B;;
18C;;
182;;
512;;
187;;
181;;
522;;
5F2;;
18B;;
18C;;
32B;;
531;;
187;;
181;;
182;;
582;;
5D2;;
517;;
6F2;;
18B;;
18C;;
6AC;;
6FC;;
187;;
6E2;;
18B;;
18C;;
32B;;
181;;
182;;
187;;
18B;;
18C;;
5C2;;
181;;
601;;
187;;
30B;;
31B;;
18B;;
18C;;
32B;;
182;;
502;;
5B2;;
6FB;;
181;;
541;;
187;;
507;;
532;;
542;;
672;;
18B;;
18C;;
182;;
512;;
187;;
18B;;
18C;;
181;;
32B;;
6EB;;
522;;
531;;
187;;
18B;;
18C;;
181;;
182;;
552;;
562;;
582;;
527;;
567;;
320;;
18B;;
18C;;
32B;;
511;;
187;;
181;;
18B;;
18C;;
182;;
5C2;;
187;;
6AC;;
18B;;
18C;;
32B;;
181;;
187;;
60B;;
182;;
18B;;
18C;;
181;;
541;;
187;;
537;;
6E1;;
6F7;;
532;;
542;;
18B;;
18C;;
32B;;
182;;
512;;
5F2;;
187;;
181;;
551;;
581;;
50C;;
18B;;
18C;;
50B;;
61B;;
522;;
531;;
6F1;;
187;;
18B;;
18C;;
32B;;
181;;
182;;
582;;
6FC;;
187;;
5C2;;
18B;;
18C;;
181;;
51B;;
182;;
187;;
18B;;
18C;;
32B;;
501;;
6CB;;
507;;
502;;
5B2;;
181;;
187;;
18B;;
18C;;
182;;
6AC;;
18B;;
18C;;
32B;;
181;;
541;;
187;;
517;;
532;;
542;;
5D2;;
6F2;;
18B;;
18C;;
182;;
512;;
6E2;;
187;;
527;;
567;;
181;;
522;;
552;;
18B;;
18C;;
32B;;
531;;
5C2;;
187;;
607;;
617;;
627;;
637;;
647;;
657;;
6C7;;
30B;;
31B;;
181;;
182;;
582;;
407;;
417;;
18B;;
18C;;
6BC;;
6FB;;
187;;
18B;;
18C;;
32B;;
181;;
182;;
187;;
18B;;
18C;;
6AB;;
6EB;;
181;;
187;;
18B;;
18C;;
32B;;
182;;
6C2;;
320;;
6AC;;
6AB;;
181;;
541;;
187;;
711;;
621;;
631;;
641;;
651;;
661;;
671;;
532;;
542;;
18B;;
18C;;
562;;
5F2;;
62B;;
63B;;
64B;;
511;;
65B;;
6A1;;
40B;;
41B;;
182;;
512;;
5C2;;
187;;
6A2;;
18B;;
18C;;
32B;;
181;;
401;;
411;;
421;;
41C;;
522;;
531;;
701;;
